{
  "credit": "Made with Blockbench",
  "parent": "builtin/entity",
  "texture_size": [
    64,
    64
  ],
  "display": {
    "thirdperson_righthand": {
      "translation": [
        0.25,
        -8.5,
        1
      ],
      "scale": [
        0.25,
        0.25,
        0.25
      ]
    },
    "thirdperson_lefthand": {
      "translation": [
        0.25,
        -8.5,
        1
      ],
      "scale": [
        0.25,
        0.25,
        0.25
      ]
    },
    "firstperson_righthand": {
      "rotation": [
        -26,
        18,
        3.5
      ],
      "translation": [
        5.75,
        -31,
        14
      ]
    },
    "firstperson_lefthand": {
      "rotation": [
        -26,
        18,
        3.5
      ],
      "translation": [
        5.75,
        -31,
        14
      ]
    },
    "ground": {
      "translation": [
        0,
        -10.5,
        1
      ],
      "scale": [
        0.3,
        0.3,
        0.3
      ]
    },
    "gui": {
      "rotation": [
        178.54,
        29.21,
        -168.52
      ],
      "translation": [
        -2.5,
        -20.75,
        0
      ],
      "scale": [
        0.6,
        0.6,
        0.6
      ]
    },
    "fixed": {
      "rotation": [
        180,
        -90,
        180
      ],
      "translation": [
        -2.25,
        -21.75,
        -1
      ],
      "scale": [
        0.62,
        0.62,
        0.62
      ]
    }
  }
}