{
  "name": "hl_coltpython",
  "type": "Gun",
  "maxAmmoCapacity": 6,
  "compatibleAmmo": [
    "ammocreative",
    "ammo357"
  ],
  "damage": 15,
  "fireSound": "hl_coltpython",
  "fireModes": [
    "SINGLE"
  ],
  "rpm": 140,
  "drawCooldownDuration": 550,
  "gunRecoilInitialAmplitude": 0.8,
  "shakeRecoilAmplitude": 0.35,
  "shakeRecoilSpeed": 2,
  "viewRecoilAmplitude": 5,
  "aimingZoom" : 0.25,
  "inspectCooldownDuration" : 4900,
  "compatibleAttachmentGroups": [
    "smg_muzzle"
  ],
  "compatibleAttachments": [
    "hl_pythonlaser"
  ],
  "glowingParts": [
    {
      "name": "glowy",
      "texture": "textures/effect/hl_laserdot.png",
      "direction": "west"
    },
    {
      "name": "glowy2",
      "texture": "textures/effect/hl_laser.png",
      "direction": "west"
    }
  ],
  "features": [
    {
      "type": "PartVisibility",
      "parts": [
        {
          "name": "laser",
          "visible": true,
          "condition": {
            "allOf": [
              {
                "hasAttachment": "hl_pythonlaser"
              },
              {
                "isGunInHands": true
              }
            ]
          }
        }
      ]
    },
    {
      "type": "MuzzleFlash",
      "effects": [
        {
          "phase": "firing",
          "name": "muzzle_flash"
        }
      ],
      "condition": {
        "allOf": [
          {
            "isUsingDefaultMuzzle": true
          },
          {
            "doesNotHaveAttachmentGroup": "smg_suppressors"
          }
        ]
      }
    },
    {
      "type": "Sound",
      "fireSounds": [
        {
          "sound": "rhino_silenced",
          "volume": 1,
          "condition": {
                "hasAttachmentGroup": "smg_suppressors"
          }
        }
      ]
    }
  ],
  "phasedReloads": [
    {
      "phase": "RELOADING",
      "duration": 3350,
      "animation": "animation.model.reload"
    }
  ],
  "effects": [
    {
      "phase": "hit_scan_acquired",
      "name": "tracer"
    }
  ]
}