{
  "name": "hl_pulserifle",
  "type": "Gun",
  "maxAmmoCapacity": 30,
  "compatibleAmmo": [
    "ammocreative",
    "doom_plasmacell"
  ],
  "damage": 10,
  "fireSound": "hl_pulserifle",
  "fireModes": [
    "SINGLE"
  ],
  "rpm": 600,
  "drawCooldownDuration": 650,
  "gunRecoilInitialAmplitude": 0.6,
  "shakeRecoilAmplitude": 0.35,
  "shakeRecoilSpeed": 2,
  "viewRecoilAmplitude": 1.2,
  "glowingParts": [
    {
      "name": "glowy"
    },
    {
      "name": "glowy2"
    },
    {
      "name": "glowy3"
    }
  ],
  "features": [
    {
      "type": "MuzzleFlash",
      "effects": [
        {
          "phase": "firing",
          "name": "muzzle_flash_big"
        }
      ]
    },
    {
      "type": "Aiming",
      "zoom": 0.4
    },
    {
      "type": "Reticle",
      "texture": "textures/item/hl_reticle.png",
      "parallax": true,
      "maxAngularOffset": 5
    },
    {
      "type": "FireMode",
      "fireModes": [
        {
          "name": "automatic",
          "displayName": "label.pointblank.fireMode.automatic",
          "type": "AUTOMATIC",
          "rpm": 600,
          "damage": 3.5,
          "animationName": "animation.model.fire",
          "shakeRecoilAmplitude": 0.35,
          "shakeRecoilSpeed": 2.0,
          "shakeRecoilDuration": 350
        }
      ]
    }
  ],
  "phasedReloads": [
    {
      "phase": "RELOADING",
      "duration": 1180,
      "animation": "animation.model.reload"
    }
  ],
  "effects": [
    {
      "phase": "hit_scan_acquired",
      "name": "tracer"
    }
  ],
  "inspectAnimations": [
    {
      "name": "animation.model.inspect",
      "duration": 4020
    }
  ]
}