{
  "name": "hl_resistancecrossbow",
  "type": "Gun",
  "maxAmmoCapacity": 1,
  "compatibleAmmo": [
    "hl_rebar"
  ],
  "damage": 30.0,
  "fireSound": "hl_resistancecrossbow",
  "fireModes" : ["SINGLE"],
  "rpm": 100,
  "gunRecoilInitialAmplitude": 0.2,
  "shakeRecoilAmplitude": 0.35,
  "shakeRecoilSpeed": 3,
  "viewRecoilAmplitude": 3,
  "modelScale": 0.25,
  "gunRecoilPitchMultiplier": 4.0,
  "gunRandomizationAmplitude": 0.0001,
  "bobbing": 0.3,
  "bobbingOnAim": 0.15,
  "bobbingRollMultiplier": 4,
  "jumpMultiplier": 0.5,
  "glowingParts": [
    {
      "name": "rebar"
    }
  ],
  "defaultAttachments": [
    "hl_resistancescope"
  ],
  "compatibleAttachmentGroups": [
    "snipers_sights"
  ],
  "features": [
    {
      "type": "Aiming",
      "zoom": 0.25,
      "condition": {
        "doesNotHaveAttachmentGroup": "snipers_sights"
      }
    },
    {
      "type": "PartVisibility",
      "parts": [
        {
          "name": "rail",
          "visible": false,
          "condition": {
            "hasAttachment": "hl_resistancescope"
          }
        },
        {
          "name": "resistancemount",
          "visible": true,
          "condition": {
            "hasAttachment": "hl_resistancescope"
          }
        }
      ]
    }
  ],
  "phasedReloads": [
    {
      "phase": "RELOADING",
      "duration": 1530,
      "animation": "animation.model.reload"
    }
  ],
  "inspectAnimations": [
    {
      "name": "animation.model.inspect",
      "duration": 4870,
      "condition": "ammoCount > 0"
    },
    {
      "name": "animation.model.inspectempty",
      "duration": 4870,
      "condition": "ammoCount == 0"
    }
  ],
  "idleAnimations": [
    {
      "name": "animation.model.idle",
      "duration": 100,
      "condition": "ammoCount > 0"
    },
    {
      "name": "animation.model.idleempty",
      "duration": 100,
      "condition": "ammoCount == 0"
    }
  ],
  "drawAnimations": [
    {
      "name": "animation.model.draw",
      "duration": 750,
      "condition": "ammoCount > 0"
    },
    {
      "name": "animation.model.drawempty",
      "duration": 750,
      "condition": "ammoCount == 0"
    }
  ]
}