{
	"format_version": "1.8.0",
	"animations": {
		"animation.model.draw": {
			"loop": true,
			"animation_length": 1.2,
			"bones": {
				"main": {
					"rotation": {
						"0.0": {
							"vector": [-50.60123, -38.99394, 92.01937]
						},
						"0.1333": {
							"vector": [-3.27585, -3.91843, 52.5061],
							"easing": "easeOutSine"
						},
						"0.4": {
							"vector": [1.57141, -1.85374, -1.9128],
							"easing": "easeOutSine"
						},
						"0.4667": {
							"vector": [0.27288, -0.37236, 1.59554],
							"easing": "linear"
						},
						"0.5333": {
							"vector": [0, 0, 0],
							"easing": "linear"
						}
					},
					"position": {
						"0.0": {
							"vector": [0, -17.3, 0]
						},
						"0.0833": {
							"vector": [-0.03, -9.09, 0.045]
						},
						"0.25": {
							"vector": [0.02894, -1.60775, -6.90297]
						},
						"0.3667": {
							"vector": [0.05077, -1.45863, -3.79557],
							"easing": "linear"
						},
						"0.4667": {
							"vector": [-0.01391, -0.26895, -0.26276]
						},
						"0.5333": {
							"vector": [0, 0, 0],
							"easing": "linear"
						}
					}
				},
				"leftarm": {
					"rotation": {
						"0.0": {
							"vector": [-22, 0, 0]
						},
						"0.1167": {
							"vector": [-7, 0, -22]
						},
						"0.3667": {
							"vector": [0, 0, 0]
						}
					},
					"position": {
						"0.0": {
							"vector": [3.325, -2.275, 0]
						},
						"0.1167": {
							"vector": [6.01401, 5.6254, 6.79783]
						},
						"0.3667": {
							"vector": [0, 0, 0]
						}
					}
				},
				"_camera_": {
					"rotation": {
						"0.0": {
							"vector": [0, 0, 0]
						},
						"0.15": {
							"vector": [1.80315, -1.89688, -1.62846],
							"easing": "easeInOutSine"
						},
						"0.2667": {
							"vector": [1.24924, -0.00333, 0.0435]
						},
						"0.3667": {
							"vector": [0.44082, -0.01767, 1.01624]
						},
						"0.4833": {
							"vector": [0, 0, 0],
							"easing": "easeOutSine"
						}
					}
				}
			},
			"sound_effects": {
				"0.0": {
					"effect": "draw"
				}
			}
		},
		"animation.model.firegrenade": {
			"loop": true,
			"animation_length": 0.5833,
			"bones": {
				"main": {
					"rotation": {
						"0.0": {
							"vector": [0, 0, 0]
						},
						"0.05": {
							"vector": [-3.66206, -1.09217, -5.89975]
						},
						"0.2167": {
							"vector": [-2.8004, 0.29761, -4.49811]
						},
						"0.35": {
							"vector": [0, 0, 2]
						},
						"0.4667": {
							"vector": [0, 0, 0]
						}
					},
					"position": {
						"0.0": {
							"vector": [0, 0, 0]
						},
						"0.0333": {
							"vector": [0, -0.9, 4.875]
						},
						"0.3167": {
							"vector": [0, -1.025, 0.775],
							"easing": "easeInOutSine"
						},
						"0.4667": {
							"vector": [0, 0, 0],
							"easing": "easeOutSine"
						}
					}
				},
				"_camera_": {
					"rotation": {
						"0.0": {
							"vector": [0, 0, 0]
						},
						"0.0667": {
							"vector": [-4.74235, -0.64055, 2.99705]
						},
						"0.1667": {
							"vector": [-3.25289, -0.66995, -2.41145]
						},
						"0.35": {
							"vector": [0.5, 0, 0],
							"easing": "easeInOutSine"
						},
						"0.4667": {
							"vector": [0, 0, 0],
							"easing": "easeOutSine"
						}
					}
				}
			}
		},
		"animation.model.reload": {
			"loop": true,
			"animation_length": 2.5167,
			"bones": {
				"main": {
					"rotation": {
						"0.0": {
							"vector": [0, 0, 0]
						},
						"0.25": {
							"vector": [-2.41332, -0.0621, -12.9516],
							"easing": "easeInOutSine"
						},
						"0.4167": {
							"vector": [-3.45342, -2.33598, -14.08076]
						},
						"0.5": {
							"vector": [-5.9497, -0.90552, -5.15983]
						},
						"0.6333": {
							"vector": [-4.3597, -1.27054, -9.89665]
						},
						"0.8": {
							"vector": [-4.38574, -0.35103, -4.71022]
						},
						"1.05": {
							"vector": [-5.44734, -3.60714, -16.56057],
							"easing": "easeInOutSine"
						},
						"1.1833": {
							"vector": [-6.64039, -3.11458, -19.96994],
							"easing": "easeOutSine"
						},
						"1.2667": {
							"vector": [-7.84389, -2.75275, -20.4018]
						},
						"1.3667": {
							"vector": [-7.58197, -3.45567, -18.16598]
						},
						"1.45": {
							"vector": [-6.29487, -1.37155, -20.94748]
						},
						"1.5833": {
							"vector": [-7.27423, -2.59109, -15.67894]
						},
						"1.6833": {
							"vector": [-3.38243, -1.51657, -15.67691]
						},
						"1.9": {
							"vector": [1.57141, -1.85374, -1.9128],
							"easing": "easeInOutSine"
						},
						"1.9833": {
							"vector": [0.27288, -0.37236, 1.59554],
							"easing": "linear"
						},
						"2.0667": {
							"vector": [0, 0, 0],
							"easing": "linear"
						}
					},
					"position": {
						"0.0": {
							"vector": [0, 0, 0]
						},
						"0.15": {
							"vector": [-1.475, -2.575, -2.075],
							"easing": "easeOutSine"
						},
						"0.2833": {
							"vector": [-1.795, -1.425, -1.695],
							"easing": "easeInOutQuad"
						},
						"0.45": {
							"vector": [-1.61732, -0.59003, -1.47606],
							"easing": "easeInOutSine"
						},
						"0.5333": {
							"vector": [-1.32, -2.87, -2.07]
						},
						"0.7167": {
							"vector": [-1.64265, -1.79898, -2.61432]
						},
						"0.9167": {
							"vector": [-1.02, -1.98, -2.33],
							"easing": "easeInOutSine"
						},
						"1.1333": {
							"vector": [-1.345, -1.41, -2.66],
							"easing": "easeInSine"
						},
						"1.3833": {
							"vector": [-1.51, -1.73, -2.485],
							"easing": "easeInOutSine"
						},
						"1.4667": {
							"vector": [-1.51, -0.585, -2.83],
							"easing": "linear"
						},
						"1.5667": {
							"vector": [-1.45, -1.185, -2.83]
						},
						"1.65": {
							"vector": [-1.335, -1.81, -2.83],
							"easing": "easeInSine"
						},
						"1.8333": {
							"vector": [0.05077, -1.45863, -3.79557],
							"easing": "easeInOutSine"
						},
						"1.9833": {
							"vector": [-0.01391, -0.26895, -0.26276]
						},
						"2.0667": {
							"vector": [0, 0, 0],
							"easing": "linear"
						}
					}
				},
				"magazine": {
					"rotation": {
						"0.0": {
							"vector": [0, 0, 0]
						},
						"0.45": {
							"vector": [0, 0, 0]
						},
						"0.5167": {
							"vector": [3.75, 0, 0]
						},
						"0.6833": {
							"vector": [20.60563, -6.93548, -44.69934]
						},
						"1.0167": {
							"vector": [20.60563, -6.93548, -44.69934]
						},
						"1.2167": {
							"vector": [1.97711, -7.27227, -2.76182]
						},
						"1.2833": {
							"vector": [3.89354, -0.33241, 2.47323]
						},
						"1.3167": {
							"vector": [3.75, 0, 0]
						},
						"1.4167": {
							"vector": [3.75, 0, 0]
						},
						"1.4667": {
							"vector": [0, 0, 0]
						}
					},
					"position": {
						"0.0": {
							"vector": [0, 0, 0]
						},
						"0.45": {
							"vector": [0, 0, 0]
						},
						"0.5167": {
							"vector": [0, -5.16472, -0.22452]
						},
						"0.6833": {
							"vector": [10.229, -24.27258, 6.89987]
						},
						"1.0167": {
							"vector": [10.229, -24.27258, 6.89987]
						},
						"1.2167": {
							"vector": [1.17341, -5.24353, -1.1193]
						},
						"1.2833": {
							"vector": [-0.23677, -5.08454, -0.22077]
						},
						"1.3167": {
							"vector": [0, -5.16472, -0.22452]
						},
						"1.4167": {
							"vector": [0, -3.71472, -0.32452]
						},
						"1.4667": {
							"vector": [0, 0, 0]
						}
					}
				},
				"leftarm": {
					"rotation": {
						"0.0": {
							"vector": [0, 0, 0]
						},
						"0.2167": {
							"vector": [-4.75, 0, -18.5]
						},
						"0.2833": {
							"vector": [-4.76695, -2.69643, -21.45485]
						},
						"0.3833": {
							"vector": [0, 0, -18.5]
						},
						"0.45": {
							"vector": [0.37827, -0.08093, -13.75496]
						},
						"0.5167": {
							"vector": [3.54301, 6.61845, -18.23903]
						},
						"0.6833": {
							"vector": [37.50538, 13.9634, -18.51372]
						},
						"1.0167": {
							"vector": [37.50538, 13.9634, -18.51372]
						},
						"1.2167": {
							"vector": [6.19889, 5.73474, 1.17468]
						},
						"1.2833": {
							"vector": [1.23357, 9.08442, 1.25489]
						},
						"1.3167": {
							"vector": [2.27173, 8.3862, 1.26243],
							"easing": "easeInSine"
						},
						"1.4167": {
							"vector": [0.89572, 8.50069, 5.05515]
						},
						"1.4667": {
							"vector": [-6.17442, -0.59995, 4.53199]
						},
						"1.6": {
							"vector": [-5.68467, -0.99299, 9.49996]
						},
						"1.85": {
							"vector": [0, 0, 0]
						}
					},
					"position": {
						"0.0": {
							"vector": [0, 0, 0]
						},
						"0.1167": {
							"vector": [4.56, -0.15, 4.69]
						},
						"0.2167": {
							"vector": [4.475, -0.325, 12.85]
						},
						"0.2833": {
							"vector": [4.475, -0.325, 12.85]
						},
						"0.3833": {
							"vector": [3.55, -0.325, 10.05]
						},
						"0.45": {
							"vector": [2.35, -1.05, 10.05]
						},
						"0.5167": {
							"vector": [4.00741, -3.39334, 11.69537]
						},
						"0.6833": {
							"vector": [4.61311, -14.50547, 24.97644]
						},
						"1.0167": {
							"vector": [4.61311, -14.50547, 24.97644]
						},
						"1.2167": {
							"vector": [1.08241, -10.94334, 11.69537]
						},
						"1.2833": {
							"vector": [0.43241, -12.59334, 10.72037]
						},
						"1.3167": {
							"vector": [0.43, -12.59, 10.895],
							"easing": "easeInSine"
						},
						"1.4167": {
							"vector": [-0.02, -11.815, 10.325]
						},
						"1.4667": {
							"vector": [-1.17, -11.595, 8.58]
						},
						"1.6": {
							"vector": [-2.87, -11.595, 8.58]
						},
						"1.7333": {
							"vector": [5.4, -6.44, 4.77]
						},
						"1.85": {
							"vector": [0, 0, 0]
						}
					}
				},
				"_camera_": {
					"rotation": {
						"0.0": {
							"vector": [0, 0, 0]
						},
						"0.2": {
							"vector": [1.75385, 0.47431, 0.58013],
							"easing": "easeInSine"
						},
						"0.3333": {
							"vector": [1.83674, 0.97361, 2.07351],
							"easing": "easeOutSine"
						},
						"0.45": {
							"vector": [1.51383, 1.4767, 0.56513],
							"easing": "easeInOutSine"
						},
						"0.5667": {
							"vector": [2.1112, 1.15447, 1.18894],
							"easing": "easeInOutSine"
						},
						"0.7": {
							"vector": [2.58005, 0.90156, -0.2139],
							"easing": "easeOutSine"
						},
						"0.9333": {
							"vector": [3.04581, 0.71962, 0.88011],
							"easing": "easeInOutSine"
						},
						"1.2167": {
							"vector": [2.32216, 1.4474, 0.28048],
							"easing": "easeInOutSine"
						},
						"1.3833": {
							"vector": [1.8115, 1.45147, 0.00985]
						},
						"1.4667": {
							"vector": [1.55321, 1.47564, 1.60371]
						},
						"1.5667": {
							"vector": [0.7855, 1.47136, 0.37784]
						},
						"1.6833": {
							"vector": [1.51407, 1.48979, 1.56505],
							"easing": "easeInOutSine"
						},
						"1.8333": {
							"vector": [1.22031, 0.95037, -0.24285],
							"easing": "easeInSine"
						},
						"2.05": {
							"vector": [0, 0, 0],
							"easing": "easeOutSine"
						}
					}
				}
			},
			"sound_effects": {
				"0.0": {
					"effect": "foley_start"
				},
				"0.3": {
					"effect": "hl_mp5magout"
				},
				"1.2333": {
					"effect": "hl_mp5magin"
				},
				"1.5667": {
					"effect": "foley_end"
				}
			}
		},
		"animation.model.reloadempty": {
			"loop": true,
			"animation_length": 3.2,
			"bones": {
				"main": {
					"rotation": {
						"0.0": {
							"vector": [0, 0, 0]
						},
						"0.25": {
							"vector": [-2.41332, -0.0621, -12.9516],
							"easing": "easeInOutSine"
						},
						"0.4167": {
							"vector": [-3.45342, -2.33598, -14.08076]
						},
						"0.5167": {
							"vector": [-5.9497, -0.90552, -5.15983]
						},
						"0.6333": {
							"vector": [-4.3597, -1.27054, -9.89665]
						},
						"0.8": {
							"vector": [-4.38574, -0.35103, -4.71022]
						},
						"1.05": {
							"vector": [-5.44734, -3.60714, -16.56057],
							"easing": "easeInOutSine"
						},
						"1.1833": {
							"vector": [-6.64039, -3.11458, -19.96994],
							"easing": "easeOutSine"
						},
						"1.2667": {
							"vector": [-7.84389, -2.75275, -20.4018]
						},
						"1.3667": {
							"vector": [-7.58197, -3.45567, -18.16598]
						},
						"1.45": {
							"vector": [-6.29487, -1.37155, -20.94748]
						},
						"1.5833": {
							"vector": [-7.27423, -2.59109, -15.67894]
						},
						"1.8833": {
							"vector": [-0.64555, -0.92738, -1.49257],
							"easing": "easeInOutSine"
						},
						"1.9667": {
							"vector": [1.11643, -0.94339, -2.24285]
						},
						"2.0667": {
							"vector": [0.07202, -0.93046, 0.50769]
						},
						"2.15": {
							"vector": [-1.10655, -1.00432, -3.74217]
						},
						"2.2333": {
							"vector": [1.9932, -1.01174, 5.25696]
						},
						"2.3333": {
							"vector": [1.08014, -0.9298, 0.00763]
						},
						"2.45": {
							"vector": [1.30616, -1.68138, 1.49073]
						},
						"2.6833": {
							"vector": [1.57141, -1.85374, -1.9128],
							"easing": "easeInOutSine"
						},
						"2.7667": {
							"vector": [0.27288, -0.37236, 1.59554],
							"easing": "linear"
						},
						"2.85": {
							"vector": [0, 0, 0],
							"easing": "linear"
						}
					},
					"position": {
						"0.0": {
							"vector": [0, 0, 0]
						},
						"0.15": {
							"vector": [-1.475, -2.575, -2.075],
							"easing": "easeOutSine"
						},
						"0.2833": {
							"vector": [-1.795, -1.425, -1.695],
							"easing": "easeInOutQuad"
						},
						"0.4167": {
							"vector": [-1.61732, -0.59003, -1.47606]
						},
						"0.5": {
							"vector": [-1.32, -2.87, -2.07]
						},
						"0.7167": {
							"vector": [-1.64265, -1.79898, -2.61432]
						},
						"0.9167": {
							"vector": [-1.02, -1.98, -2.33],
							"easing": "easeInOutSine"
						},
						"1.1333": {
							"vector": [-1.345, -1.41, -2.66],
							"easing": "easeInSine"
						},
						"1.3833": {
							"vector": [-1.51, -1.73, -2.485],
							"easing": "easeInOutSine"
						},
						"1.4667": {
							"vector": [-1.51, -0.585, -2.83],
							"easing": "linear"
						},
						"1.55": {
							"vector": [-1.47, -1.205, -2.83]
						},
						"1.65": {
							"vector": [-1.335, -1.81, -2.83],
							"easing": "easeInSine"
						},
						"1.8": {
							"vector": [-0.33, -2.835, -1.755],
							"easing": "easeInOutSine"
						},
						"2.0": {
							"vector": [-0.43, -1.585, 0.27],
							"easing": "easeInSine"
						},
						"2.1333": {
							"vector": [-0.68, -1.41, 1.29],
							"easing": "easeOutSine"
						},
						"2.2167": {
							"vector": [-0.68, -2.26, -1.435]
						},
						"2.3833": {
							"vector": [-0.805, -2.485, -0.565],
							"easing": "easeInOutSine"
						},
						"2.6167": {
							"vector": [0.05077, -1.45863, -3.79557],
							"easing": "easeInOutSine"
						},
						"2.7667": {
							"vector": [-0.01391, -0.26895, -0.26276]
						},
						"2.85": {
							"vector": [0, 0, 0],
							"easing": "linear"
						}
					}
				},
				"magazine": {
					"rotation": {
						"0.0": {
							"vector": [0, 0, 0]
						},
						"0.45": {
							"vector": [0, 0, 0]
						},
						"0.5167": {
							"vector": [3.75, 0, 0]
						},
						"0.6833": {
							"vector": [20.60563, -6.93548, -44.69934]
						},
						"1.0167": {
							"vector": [20.60563, -6.93548, -44.69934]
						},
						"1.2167": {
							"vector": [1.97711, -7.27227, -2.76182]
						},
						"1.2833": {
							"vector": [3.89354, -0.33241, 2.47323]
						},
						"1.3167": {
							"vector": [3.75, 0, 0]
						},
						"1.4167": {
							"vector": [3.75, 0, 0]
						},
						"1.4667": {
							"vector": [0, 0, 0]
						}
					},
					"position": {
						"0.0": {
							"vector": [0, 0, 0]
						},
						"0.45": {
							"vector": [0, 0, 0]
						},
						"0.5167": {
							"vector": [0, -5.16472, -0.22452]
						},
						"0.6833": {
							"vector": [10.229, -24.27258, 6.89987]
						},
						"1.0167": {
							"vector": [10.229, -24.27258, 6.89987]
						},
						"1.2167": {
							"vector": [1.17341, -5.24353, -1.1193]
						},
						"1.2833": {
							"vector": [-0.23677, -5.08454, -0.22077]
						},
						"1.3167": {
							"vector": [0, -5.16472, -0.22452]
						},
						"1.4167": {
							"vector": [0, -3.71472, -0.32452]
						},
						"1.4667": {
							"vector": [0, 0, 0]
						}
					}
				},
				"leftarm": {
					"rotation": {
						"0.0": {
							"vector": [0, 0, 0]
						},
						"0.2167": {
							"vector": [-4.75, 0, -18.5]
						},
						"0.2833": {
							"vector": [-4.76695, -2.69643, -21.45485]
						},
						"0.3833": {
							"vector": [0, 0, -18.5]
						},
						"0.45": {
							"vector": [0.37827, -0.08093, -13.75496]
						},
						"0.5167": {
							"vector": [3.54301, 6.61845, -18.23903]
						},
						"0.6833": {
							"vector": [37.50538, 13.9634, -18.51372]
						},
						"1.0167": {
							"vector": [37.50538, 13.9634, -18.51372]
						},
						"1.2167": {
							"vector": [6.19889, 5.73474, 1.17468]
						},
						"1.2833": {
							"vector": [1.23357, 9.08442, 1.25489]
						},
						"1.3167": {
							"vector": [2.27173, 8.3862, 1.26243],
							"easing": "easeInSine"
						},
						"1.4167": {
							"vector": [0.89572, 8.50069, 5.05515]
						},
						"1.4667": {
							"vector": [-6.17442, -0.59995, 4.53199]
						},
						"1.6333": {
							"vector": [-5.68467, -0.99299, 9.49996]
						},
						"1.8667": {
							"vector": [-21.16358, -7.06409, 1.91368]
						},
						"2.0": {
							"vector": [-28.37284, -11.86571, -0.22969]
						},
						"2.0667": {
							"vector": [-37.7706, -12.52668, 3.27535]
						},
						"2.15": {
							"vector": [-37.32841, -12.67551, 0.86468]
						},
						"2.1833": {
							"vector": [-51.18707, -12.66406, 8.11095]
						},
						"2.35": {
							"vector": [-38.93467, -0.99299, 9.49996]
						},
						"2.5833": {
							"vector": [0, 0, 0]
						}
					},
					"position": {
						"0.0": {
							"vector": [0, 0, 0]
						},
						"0.1167": {
							"vector": [4.56, -0.15, 4.69]
						},
						"0.2167": {
							"vector": [4.475, -0.325, 12.85]
						},
						"0.2833": {
							"vector": [4.475, -0.325, 12.85]
						},
						"0.3833": {
							"vector": [3.55, -0.325, 10.05]
						},
						"0.45": {
							"vector": [2.35, -1.05, 10.05]
						},
						"0.5167": {
							"vector": [4.00741, -3.39334, 11.69537]
						},
						"0.6833": {
							"vector": [4.61311, -14.50547, 24.97644]
						},
						"1.0167": {
							"vector": [4.61311, -14.50547, 24.97644]
						},
						"1.2167": {
							"vector": [1.08241, -10.94334, 11.69537]
						},
						"1.2833": {
							"vector": [0.43241, -12.59334, 10.72037]
						},
						"1.3167": {
							"vector": [0.43, -12.59, 10.895],
							"easing": "easeInSine"
						},
						"1.4167": {
							"vector": [-0.02, -11.815, 10.325]
						},
						"1.4667": {
							"vector": [-1.17, -11.595, 8.58]
						},
						"1.6333": {
							"vector": [-2.87, -11.595, 8.58]
						},
						"1.7667": {
							"vector": [5.4, -6.44, 4.77]
						},
						"1.8667": {
							"vector": [8.21, 0.735, -6.43]
						},
						"2.0": {
							"vector": [8.21, -1.01, -8.205]
						},
						"2.0667": {
							"vector": [8.2237, -1.38739, -6.80071]
						},
						"2.15": {
							"vector": [8.80347, -1.16272, -6.50977]
						},
						"2.1833": {
							"vector": [11.87778, -6.44921, 5.52923]
						},
						"2.35": {
							"vector": [5.48867, -16.99493, 8.42973]
						},
						"2.45": {
							"vector": [6.51386, -8.43024, 4.14875]
						},
						"2.5833": {
							"vector": [0, 0, 0]
						}
					},
					"scale": {
						"0.0": {
							"vector": [1, 1, 1]
						},
						"1.75": {
							"vector": [1, 1, 1]
						},
						"1.8667": {
							"vector": [1.3, 1.3, 1.3]
						},
						"2.1833": {
							"vector": [1.3, 1.3, 1.3]
						},
						"2.35": {
							"vector": [1, 1, 1]
						}
					}
				},
				"bolt": {
					"position": {
						"0.0": {
							"vector": [0, 0, 0]
						},
						"1.8667": {
							"vector": [0, 0, 0]
						},
						"2.0": {
							"vector": [0, 0, 2.475]
						},
						"2.0667": {
							"vector": [0, 0, 10.47]
						},
						"2.15": {
							"vector": [0, 0, 10.47]
						},
						"2.1833": {
							"vector": [0, 0, 0]
						}
					}
				},
				"bullet": {
					"scale": {
						"0.0": {
							"vector": [0, 0, 0]
						},
						"0.9667": {
							"vector": [0, 0, 0]
						},
						"1.0": {
							"vector": [1, 1, 1]
						}
					}
				},
				"_camera_": {
					"rotation": {
						"0.0": {
							"vector": [0, 0, 0]
						},
						"0.2": {
							"vector": [1.75385, 0.47431, 0.58013],
							"easing": "easeInSine"
						},
						"0.3333": {
							"vector": [1.83674, 0.97361, 2.07351],
							"easing": "easeOutSine"
						},
						"0.45": {
							"vector": [1.51383, 1.4767, 0.56513],
							"easing": "easeInOutSine"
						},
						"0.5667": {
							"vector": [2.1112, 1.15447, 1.18894],
							"easing": "easeInOutSine"
						},
						"0.7": {
							"vector": [2.58005, 0.90156, -0.2139],
							"easing": "easeOutSine"
						},
						"0.9333": {
							"vector": [3.04581, 0.71962, 0.88011],
							"easing": "easeInOutSine"
						},
						"1.2167": {
							"vector": [2.32216, 1.4474, 0.28048],
							"easing": "easeInOutSine"
						},
						"1.3833": {
							"vector": [1.8115, 1.45147, 0.00985]
						},
						"1.4667": {
							"vector": [1.55321, 1.47564, 1.60371]
						},
						"1.5667": {
							"vector": [0.7855, 1.47136, 0.37784]
						},
						"1.6833": {
							"vector": [1.51407, 1.48979, 1.56505],
							"easing": "easeInOutSine"
						},
						"1.9167": {
							"vector": [1.24637, 1.01181, 0.55411],
							"easing": "easeInOutSine"
						},
						"2.0167": {
							"vector": [1.28938, 1.04716, 1.41433]
						},
						"2.1167": {
							"vector": [1.29773, 1.09366, 0.92633]
						},
						"2.1833": {
							"vector": [1.83934, 1.14875, 1.52008]
						},
						"2.2667": {
							"vector": [1.65733, 1.35094, -1.08347]
						},
						"2.4167": {
							"vector": [1.51407, 1.48979, 1.56505],
							"easing": "easeInOutSine"
						},
						"2.5833": {
							"vector": [1.22031, 0.95037, -0.24285],
							"easing": "easeInSine"
						},
						"2.8": {
							"vector": [0, 0, 0],
							"easing": "easeOutSine"
						}
					}
				}
			},
			"sound_effects": {
				"0.0": {
					"effect": "foley_start"
				},
				"0.3": {
					"effect": "hl_mp5magout"
				},
				"1.2333": {
					"effect": "hl_mp5magin"
				},
				"1.9167": {
					"effect": "hl_mp5actionback"
				},
				"2.1333": {
					"effect": "hl_mp5actionforward"
				},
				"2.3333": {
					"effect": "foley_end"
				}
			}
		},
		"animation.model.launcherreload": {
			"loop": true,
			"animation_length": 2.8167,
			"bones": {
				"main": {
					"rotation": {
						"0.0": {
							"vector": [0, 0, 0]
						},
						"0.2667": {
							"vector": [-8.88128, -5.95242, -16.61835],
							"easing": "easeInOutQuad"
						},
						"0.35": {
							"vector": [-10.13225, -4.38065, -10.65042]
						},
						"0.45": {
							"vector": [-10.93376, -5.07406, -16.02107],
							"easing": "easeOutSine"
						},
						"0.6167": {
							"vector": [-11.07148, -2.56402, -2.62434]
						},
						"0.8833": {
							"vector": [-9.16927, -3.47637, -3.11429],
							"easing": "easeInSine"
						},
						"1.05": {
							"vector": [-9.81859, -4.23305, -8.27148],
							"easing": "easeInOutSine"
						},
						"1.1667": {
							"vector": [-9.6656, -3.23986, -6.91566]
						},
						"1.3": {
							"vector": [-9.29436, -4.09366, -11.69588]
						},
						"1.4333": {
							"vector": [-9.16702, -5.04422, -13.22164]
						},
						"1.5167": {
							"vector": [-7.17337, -3.12971, -5.48281]
						},
						"1.65": {
							"vector": [-7.89282, -4.90097, -10.70251]
						},
						"1.75": {
							"vector": [-5.67722, -3.40264, -3.47306]
						},
						"1.9667": {
							"vector": [1.57141, -1.85374, -1.9128],
							"easing": "easeInOutSine"
						},
						"2.05": {
							"vector": [0.27288, -0.37236, 1.59554],
							"easing": "linear"
						},
						"2.1333": {
							"vector": [0, 0, 0],
							"easing": "linear"
						}
					},
					"position": {
						"0.0": {
							"vector": [0, 0, 0]
						},
						"0.1833": {
							"vector": [-0.28, -2.89, 4.84],
							"easing": "easeOutSine"
						},
						"0.3167": {
							"vector": [-0.6, -1.9, 7.9],
							"easing": "easeInOutSine"
						},
						"0.4667": {
							"vector": [-0.6, -1.855, 8.325]
						},
						"0.7833": {
							"vector": [-0.775, -3.805, 5.375],
							"easing": "easeInOutSine"
						},
						"1.0833": {
							"vector": [-0.725, -3.21, 6.7],
							"easing": "easeOutSine"
						},
						"1.1667": {
							"vector": [-0.66, -2.99, 5.69]
						},
						"1.3667": {
							"vector": [-0.6, -2.81, 5.93],
							"easing": "easeInOutSine"
						},
						"1.45": {
							"vector": [-0.6, -2.035, 7.055]
						},
						"1.55": {
							"vector": [-0.6, -1.46, 9.18],
							"easing": "easeInOutSine"
						},
						"1.6667": {
							"vector": [-0.6, -2.385, 5.805]
						},
						"1.9": {
							"vector": [0.05077, -1.45863, -3.79557],
							"easing": "easeInOutSine"
						},
						"2.05": {
							"vector": [-0.01391, -0.26895, -0.26276]
						},
						"2.1333": {
							"vector": [0, 0, 0],
							"easing": "linear"
						}
					}
				},
				"leftarm": {
					"rotation": {
						"0.0": {
							"vector": [0, 0, 0]
						},
						"0.1833": {
							"vector": [-11.01107, -8.88439, 2.17786]
						},
						"0.25": {
							"vector": [-11.32808, -4.93393, 5.65085]
						},
						"0.3333": {
							"vector": [-9.57808, -4.93393, 5.65085]
						},
						"0.4": {
							"vector": [-7.115, -7.57848, 2.98336]
						},
						"0.55": {
							"vector": [-26.35028, -0.62293, -0.59783]
						},
						"0.7": {
							"vector": [-26.35028, -0.62293, -0.59783]
						},
						"0.9833": {
							"vector": [-18.1008, -2.68866, -2.00602]
						},
						"1.05": {
							"vector": [-16.83928, -1.96205, -3.02321]
						},
						"1.0833": {
							"vector": [-16.33928, -1.96205, -3.02321]
						},
						"1.15": {
							"vector": [-10.58928, -1.96205, -3.02321]
						},
						"1.25": {
							"vector": [-10.58928, -1.96205, -3.02321]
						},
						"1.3333": {
							"vector": [-9.57808, -4.93393, 5.65085]
						},
						"1.4167": {
							"vector": [-9.57808, -4.93393, 5.65085]
						},
						"1.5167": {
							"vector": [-11.32808, -4.93393, 5.65085]
						},
						"1.5833": {
							"vector": [-11.32808, -4.93393, 5.65085]
						},
						"1.7": {
							"vector": [0, 0, 0]
						}
					},
					"position": {
						"0.0": {
							"vector": [0, 0, 0]
						},
						"0.1833": {
							"vector": [2.1, -10.2, -1.675]
						},
						"0.25": {
							"vector": [2.1, -10.2, -1.675]
						},
						"0.3333": {
							"vector": [2.1, -11.125, -10.37]
						},
						"0.4": {
							"vector": [2.1, -10.2, -10.37]
						},
						"0.55": {
							"vector": [15.3, -39.575, 6.43]
						},
						"0.7": {
							"vector": [15.3, -39.575, 6.43]
						},
						"0.8833": {
							"vector": [12.35, -28.655, -8.145],
							"easing": "linear"
						},
						"0.9833": {
							"vector": [7.2, -8.835, -3.275]
						},
						"1.05": {
							"vector": [6.075, -8.015, -3.82]
						},
						"1.0833": {
							"vector": [6.075, -8.015, -4.695]
						},
						"1.15": {
							"vector": [6.08, -6.695, -8.315]
						},
						"1.25": {
							"vector": [6.08, -6.695, -8.315]
						},
						"1.3333": {
							"vector": [2.1, -10.2, -10.37]
						},
						"1.4167": {
							"vector": [2.1, -10.2, -10.37]
						},
						"1.5167": {
							"vector": [2.1, -10.2, -1.675]
						},
						"1.5833": {
							"vector": [2.1, -10.2, -1.675]
						},
						"1.7": {
							"vector": [0, 0, 0]
						}
					},
					"scale": {
						"0.0": {
							"vector": [1, 1, 1]
						},
						"0.1833": {
							"vector": [1.3, 1.3, 1.3]
						},
						"0.25": {
							"vector": [1.3, 1.3, 1.3]
						},
						"1.5167": {
							"vector": [1.3, 1.3, 1.3]
						},
						"1.5833": {
							"vector": [1.3, 1.3, 1.3]
						},
						"1.7": {
							"vector": [1, 1, 1]
						}
					}
				},
				"grenade": {
					"rotation": {
						"0.0": {
							"vector": [0, 0, 0]
						},
						"0.25": {
							"vector": [0, 0, 0]
						},
						"0.3": {
							"vector": [0, 0, 0]
						},
						"0.4167": {
							"vector": [-19.31689, -4.19428, -11.78588]
						},
						"0.4833": {
							"vector": [-37.25874, -19.602, -41.71927]
						},
						"0.6": {
							"vector": [-37.25874, -19.602, -41.71927]
						},
						"0.7": {
							"vector": [-37.25874, -19.602, -41.71927]
						},
						"0.8833": {
							"vector": [-37.25034, -6.59336, -27.77077]
						},
						"0.9833": {
							"vector": [-6.5973, 8.47914, -4.04428]
						},
						"1.05": {
							"vector": [0, 0, 0]
						},
						"1.0833": {
							"vector": [0, 0, 0]
						},
						"1.4167": {
							"vector": [0, 0, 0]
						},
						"1.4833": {
							"vector": [0, 0, 0]
						}
					},
					"position": {
						"0.0": {
							"vector": [0, 0, 0]
						},
						"0.25": {
							"vector": [0, 0, 0]
						},
						"0.3": {
							"vector": [0, 0, -1.85]
						},
						"0.3333": {
							"vector": [0.60955, -0.51862, -0.51838]
						},
						"0.3667": {
							"vector": [-1.39171, -6.38499, -1.18461]
						},
						"0.4167": {
							"vector": [-3.91877, -11.59205, -3.67822]
						},
						"0.4833": {
							"vector": [-8.57106, -28.7846, 0.35316]
						},
						"0.6": {
							"vector": [8.34936, -30.34027, 14.37011]
						},
						"0.7": {
							"vector": [8.34936, -30.34027, 14.37011]
						},
						"0.8833": {
							"vector": [5.58723, -18.68184, -0.22285]
						},
						"0.9833": {
							"vector": [1.24553, -0.67946, 0.01021]
						},
						"1.05": {
							"vector": [0, 0, -2.025]
						},
						"1.0833": {
							"vector": [0, 0, -2.825]
						},
						"1.15": {
							"vector": [0, 0, -9.745]
						},
						"1.25": {
							"vector": [0, 0, -9.745]
						},
						"1.4167": {
							"vector": [0, 0, -8.25]
						},
						"1.4833": {
							"vector": [0, 0, 0]
						}
					}
				},
				"launcherchamber": {
					"rotation": {
						"0.0": {
							"vector": [0, 0, 0]
						},
						"0.25": {
							"vector": [0, 0, 0]
						},
						"1.5167": {
							"vector": [0, 0, 0]
						}
					},
					"position": {
						"0.0": {
							"vector": [0, 0, 0]
						},
						"0.25": {
							"vector": [0, 0, 0]
						},
						"0.3333": {
							"vector": [0, 0, -10]
						},
						"1.4167": {
							"vector": [0, 0, -10]
						},
						"1.5167": {
							"vector": [0, 0, 0]
						}
					}
				},
				"_camera_": {
					"rotation": {
						"0.0": {
							"vector": [0, 0, 0]
						},
						"0.2333": {
							"vector": [3.30621, 0.67296, 0.03532],
							"easing": "easeInOutSine"
						},
						"0.3167": {
							"vector": [2.27679, 1.43447, 1.07694],
							"easing": "easeOutSine"
						},
						"0.4333": {
							"vector": [3.41731, 1.63116, -1.91728],
							"easing": "easeInOutSine"
						},
						"0.5833": {
							"vector": [3.33007, 0.67736, 1.43791]
						},
						"0.8167": {
							"vector": [2.80197, 1.00997, -0.44608]
						},
						"1.0": {
							"vector": [2.57201, 1.47258, 0.32772],
							"easing": "easeInOutSine"
						},
						"1.15": {
							"vector": [2.80402, 1.39968, 1.82642]
						},
						"1.2667": {
							"vector": [2.84886, 1.5407, -0.99792]
						},
						"1.4667": {
							"vector": [2.57201, 1.47258, 0.32772],
							"easing": "easeInOutSine"
						},
						"1.55": {
							"vector": [2.51909, 1.56141, -1.671]
						},
						"1.7": {
							"vector": [2.28804, 0.99943, 1.14342]
						},
						"1.8833": {
							"vector": [1.3175, 0.58235, 0.40972]
						},
						"2.1333": {
							"vector": [0, 0, 0],
							"easing": "easeInOutSine"
						}
					}
				}
			},
			"sound_effects": {
				"0.0": {
					"effect": "foley_start"
				},
				"0.0667": {
					"effect": "launcher_open"
				},
				"0.2833": {
					"effect": "mgl_unload"
				},
				"0.9333": {
					"effect": "mgl_load"
				},
				"1.3": {
					"effect": "launcher_close"
				},
				"1.65": {
					"effect": "foley_end"
				}
			}
		},
		"animation.model.inspect": {
			"loop": true,
			"animation_length": 7.85,
			"bones": {
				"main": {
					"rotation": {
						"0.0": {
							"vector": [0, 0, 0]
						},
						"0.25": {
							"vector": [-0.3211, -19.36826, -1.21939],
							"easing": "easeInOutSine"
						},
						"0.35": {
							"vector": [-0.18599, -21.5204, -3.4561],
							"easing": "easeOutSine"
						},
						"0.45": {
							"vector": [-0.00364, -22.63993, -6.44446]
						},
						"0.5667": {
							"vector": [-1.25093, -22.13998, -5.66286]
						},
						"0.7333": {
							"vector": [-0.75364, -22.63993, -6.43852]
						},
						"0.8333": {
							"vector": [-1.14874, -22.57627, -3.35578]
						},
						"0.9833": {
							"vector": [-0.39607, -22.64191, -7.10567]
						},
						"1.1833": {
							"vector": [-0.75642, -23.13989, -5.93731],
							"easing": "easeInOutSine"
						},
						"1.5167": {
							"vector": [-19.66919, -19.90761, -32.27713],
							"easing": "easeInOutQuad"
						},
						"1.7333": {
							"vector": [-19.31228, -21.15517, -38.31513],
							"easing": "easeOutSine"
						},
						"1.95": {
							"vector": [-19.38063, -20.64537, -36.74026],
							"easing": "easeOutSine"
						},
						"2.1667": {
							"vector": [-19.27752, -21.0043, -37.02759]
						},
						"2.3667": {
							"vector": [-19.40613, -20.88602, -36.6674]
						},
						"2.55": {
							"vector": [-19.28897, -20.99373, -36.99549]
						},
						"2.7167": {
							"vector": [-19.57191, -20.73301, -36.20246],
							"easing": "easeInOutSine"
						},
						"2.9333": {
							"vector": [-17.50475, -22.48316, -41.81132]
						},
						"3.05": {
							"vector": [-16.90518, -22.92688, -43.36457]
						},
						"3.2": {
							"vector": [-17.12827, -22.7627, -42.78763]
						},
						"3.3333": {
							"vector": [-17.06873, -22.80658, -42.94168]
						},
						"3.4833": {
							"vector": [-17.41301, -22.54997, -42.04775]
						},
						"3.6333": {
							"vector": [-17.30992, -22.62843, -42.31722]
						},
						"3.7833": {
							"vector": [-17.50475, -22.48316, -41.81132]
						},
						"4.1833": {
							"vector": [-13.4216, 7.54752, 58.86866],
							"easing": "easeInOutSine"
						},
						"4.3833": {
							"vector": [-13.59414, 8.89558, 61.39559],
							"easing": "easeOutSine"
						},
						"4.6167": {
							"vector": [-13.74803, 8.65246, 60.38503]
						},
						"4.7833": {
							"vector": [-13.65437, 8.8014, 61.00285]
						},
						"4.9667": {
							"vector": [-13.70706, 8.71858, 60.65808],
							"easing": "easeInOutSine"
						},
						"5.4167": {
							"vector": [-12.99454, 9.75821, 65.09397],
							"easing": "easeInOutSine"
						},
						"5.5333": {
							"vector": [-12.72574, 10.87891, 66.65841]
						},
						"5.6333": {
							"vector": [-13.09286, 10.27023, 64.62117]
						},
						"5.8333": {
							"vector": [-13.01402, 10.14229, 65.03878]
						},
						"5.9333": {
							"vector": [-12.81299, 10.20429, 66.13163]
						},
						"6.05": {
							"vector": [-13.32154, 9.30289, 63.11923]
						},
						"6.4333": {
							"vector": [1.57141, -1.85374, -1.9128],
							"easing": "easeInOutSine"
						},
						"6.5": {
							"vector": [0.27288, -0.37236, 1.59554],
							"easing": "linear"
						},
						"6.5667": {
							"vector": [0, 0, 0],
							"easing": "linear"
						}
					},
					"position": {
						"0.0": {
							"vector": [0, 0, 0]
						},
						"0.2": {
							"vector": [0.04133, -2.31104, -5.30354],
							"easing": "easeInSine"
						},
						"0.3167": {
							"vector": [1.15867, -1.36917, -5.12702],
							"easing": "easeOutSine"
						},
						"0.4167": {
							"vector": [0.92982, -1.05849, -4.61397],
							"easing": "easeOutSine"
						},
						"0.5333": {
							"vector": [0.77875, -0.58657, -3.94661],
							"easing": "easeOutSine"
						},
						"0.7": {
							"vector": [0.80529, -0.58231, -4.33812]
						},
						"0.8167": {
							"vector": [1.18475, -0.6326, -5.08882]
						},
						"0.9833": {
							"vector": [1.11675, -0.5628, -4.47657]
						},
						"1.2667": {
							"vector": [-0.57, -2.575, -1.5],
							"easing": "easeInOutSine"
						},
						"1.5833": {
							"vector": [-1.55, -0.55, -4.05],
							"easing": "easeInOutSine"
						},
						"2.0333": {
							"vector": [-1.6, -0.665, -4.05],
							"easing": "easeInOutSine"
						},
						"2.3333": {
							"vector": [-1.58, -0.055, -4.15]
						},
						"2.5667": {
							"vector": [-1.56, -0.095, -4.09]
						},
						"2.7667": {
							"vector": [-1.55, 0, -4.05],
							"easing": "easeInOutSine"
						},
						"3.0667": {
							"vector": [-1.55, -0.1, -4.125],
							"easing": "easeInOutSine"
						},
						"3.2833": {
							"vector": [-1.6, 0.04, -4.11]
						},
						"3.6833": {
							"vector": [-1.55, -0.35, -4.05],
							"easing": "easeInQuad"
						},
						"4.0": {
							"vector": [0.33, -7.81, -6.125],
							"easing": "easeInOutSine"
						},
						"4.3": {
							"vector": [2.425, -5.325, -4.05],
							"easing": "easeOutSine"
						},
						"4.55": {
							"vector": [2.575, -5.1, -4.05],
							"easing": "easeOutSine"
						},
						"5.0333": {
							"vector": [2.425, -5.1, -4.05],
							"easing": "easeOutSine"
						},
						"5.35": {
							"vector": [2.555, -4.65, -3.825],
							"easing": "easeInOutSine"
						},
						"5.4667": {
							"vector": [2.56, -4.65, -3.345]
						},
						"5.5667": {
							"vector": [2.56, -4.65, -2.33]
						},
						"5.8": {
							"vector": [2.56, -4.8, -3.285],
							"easing": "easeInOutSine"
						},
						"5.9167": {
							"vector": [2.56, -4.73, -5.105]
						},
						"6.05": {
							"vector": [2.555, -4.65, -4.05],
							"easing": "easeInOutSine"
						},
						"6.2833": {
							"vector": [0.02894, -1.60775, -6.90297],
							"easing": "easeInOutSine"
						},
						"6.4": {
							"vector": [0.05077, -1.45863, -3.79557],
							"easing": "linear"
						},
						"6.5": {
							"vector": [-0.01391, -0.26895, -0.26276]
						},
						"6.5667": {
							"vector": [0, 0, 0],
							"easing": "linear"
						}
					}
				},
				"stock": {
					"position": {
						"0.0": {
							"vector": [0, 0, 0]
						},
						"0.4333": {
							"vector": [0, 0, 0]
						},
						"0.5167": {
							"vector": [0, 0, 4]
						},
						"0.7833": {
							"vector": [0, 0, 4.275]
						},
						"0.8667": {
							"vector": [0, 0, 0]
						}
					}
				},
				"rightarm": {
					"rotation": {
						"0.0": {
							"vector": [0, 0, 0]
						},
						"0.3167": {
							"vector": [-22.76238, -8.70924, -7.82968]
						},
						"0.4333": {
							"vector": [-22.76238, -8.70924, -7.82968]
						},
						"0.8667": {
							"vector": [-22.76238, -8.70924, -7.82968]
						},
						"0.95": {
							"vector": [-22.76238, -8.70924, -7.82968]
						},
						"1.1": {
							"vector": [0, 0, 0]
						}
					},
					"position": {
						"0.0": {
							"vector": [0, 0, 0]
						},
						"0.1333": {
							"vector": [-2.69973, -2.55236, 4.19648]
						},
						"0.3167": {
							"vector": [-5.48746, -0.12571, 8.98169]
						},
						"0.4333": {
							"vector": [-5.48746, -0.12571, 8.98169]
						},
						"0.5167": {
							"vector": [-5.49, -0.13, 12.98]
						},
						"0.7833": {
							"vector": [-5.49, -0.13, 13.38]
						},
						"0.8667": {
							"vector": [-5.48746, -0.12571, 8.98169]
						},
						"0.95": {
							"vector": [-5.48746, -0.12571, 8.98169]
						},
						"1.1": {
							"vector": [0, 0, 0]
						}
					}
				},
				"leftarm": {
					"rotation": {
						"0.0": {
							"vector": [0, 0, 0]
						},
						"0.3833": {
							"vector": [-9.76828, -8.93982, -12.44425]
						},
						"1.1": {
							"vector": [-9.76828, -8.93982, -12.44425]
						},
						"1.2333": {
							"vector": [34.41113, 28.75289, 18.69204]
						},
						"1.4833": {
							"vector": [118.4704, 29.79968, 80.87625]
						},
						"3.8167": {
							"vector": [118.4704, 29.79968, 80.87625]
						},
						"4.1833": {
							"vector": [-13.46144, -1.4925, -32.04906]
						},
						"5.2167": {
							"vector": [-13.46144, -1.4925, -32.04906]
						},
						"5.3667": {
							"vector": [-19.41556, -5.02288, -33.94245]
						},
						"5.4333": {
							"vector": [-18.83485, -6.69052, -35.04952]
						},
						"5.5": {
							"vector": [-27.71191, -7.31822, -33.68125]
						},
						"5.8167": {
							"vector": [-27.71191, -7.31822, -33.68125]
						},
						"5.9": {
							"vector": [-18.83485, -6.69052, -35.04952]
						},
						"6.0667": {
							"vector": [-18.83485, -6.69052, -35.04952]
						},
						"6.3667": {
							"vector": [0, 0, 0]
						}
					},
					"position": {
						"0.0": {
							"vector": [0, 0, 0]
						},
						"0.3833": {
							"vector": [4.46108, -2.49736, -1.52994]
						},
						"1.1": {
							"vector": [4.46108, -2.49736, -1.52994]
						},
						"1.4833": {
							"vector": [10.26137, -11.10825, 18.77829]
						},
						"3.8167": {
							"vector": [10.26137, -11.10825, 18.77829]
						},
						"4.1833": {
							"vector": [13.18014, 12.2209, -6.86796]
						},
						"5.2167": {
							"vector": [13.05514, 12.2209, -6.86796]
						},
						"5.3667": {
							"vector": [14.43014, 12.2209, -9.74296]
						},
						"5.4333": {
							"vector": [14.15653, 11.902, -9.68335]
						},
						"5.5": {
							"vector": [15.53153, 11.902, -11.05835]
						},
						"5.8167": {
							"vector": [15.53153, 11.902, -11.05835]
						},
						"5.9": {
							"vector": [14.15653, 11.902, -9.68335]
						},
						"6.0667": {
							"vector": [14.15653, 11.902, -9.68335]
						},
						"6.3667": {
							"vector": [0, 0, 0]
						}
					},
					"scale": {
						"0.0": {
							"vector": [1, 1, 1]
						},
						"0.3833": {
							"vector": [1.1, 1.1, 1.1]
						},
						"1.1": {
							"vector": [1.1, 1.1, 1.1]
						},
						"1.4833": {
							"vector": [1, 1, 1]
						},
						"3.8167": {
							"vector": [1, 1, 1]
						},
						"4.1833": {
							"vector": [1.3, 1.2, 1.3]
						},
						"6.0667": {
							"vector": [1.3, 1.2, 1.3]
						},
						"6.3667": {
							"vector": [1, 1, 1]
						}
					}
				},
				"action": {
					"position": {
						"0.0": {
							"vector": [0, 0, 0]
						},
						"5.4333": {
							"vector": [0, 0, 0]
						},
						"5.5": {
							"vector": [0, 0, 2]
						},
						"5.8167": {
							"vector": [0, 0, 2]
						},
						"5.9": {
							"vector": [0, 0, 0]
						}
					}
				},
				"bolt": {
					"position": {
						"0.0": {
							"vector": [0, 0, 0]
						},
						"5.4333": {
							"vector": [0, 0, 0]
						},
						"5.5": {
							"vector": [0, 0, 3]
						},
						"5.8167": {
							"vector": [0, 0, 3]
						},
						"5.9": {
							"vector": [0, 0, 0]
						}
					}
				},
				"bullet": {
					"rotation": {
						"vector": [16.25395, 1.31854, -41.23269]
					},
					"position": {
						"vector": [7.66855, 4.74542, 3.8681]
					}
				},
				"_camera_": {
					"rotation": {
						"0.0": {
							"vector": [0, 0, 0]
						},
						"0.35": {
							"vector": [5.00102, 3.24896, 0.00655],
							"easing": "easeInOutSine"
						},
						"0.4667": {
							"vector": [5.18066, 4.31067, -0.66159],
							"easing": "easeOutSine"
						},
						"0.5667": {
							"vector": [5.06889, 4.4994, -1.83322]
						},
						"0.7333": {
							"vector": [5.12062, 4.61959, -0.35301]
						},
						"0.8333": {
							"vector": [4.99731, 4.10461, -1.19355]
						},
						"0.95": {
							"vector": [5.00102, 3.24896, 0.00655],
							"easing": "easeInOutSine"
						},
						"1.3833": {
							"vector": [2.5, 2.5, 2],
							"easing": "easeInOutSine"
						},
						"1.65": {
							"vector": [1.94498, 2.54303, 0.74953]
						},
						"1.95": {
							"vector": [1.97932, 2.51638, 1.5276]
						},
						"2.8167": {
							"vector": [3.96195, 4.03013, 1.08647],
							"easing": "easeInOutSine"
						},
						"3.6833": {
							"vector": [2.00238, 3.74924, 2.04371],
							"easing": "easeInOutSine"
						},
						"4.2": {
							"vector": [3.94598, 0.92969, 0.33443],
							"easing": "easeInOutSine"
						},
						"4.5": {
							"vector": [4.20392, 0.89524, 0.8333],
							"easing": "easeOutSine"
						},
						"5.0333": {
							"vector": [3.94598, 0.92969, 0.33443],
							"easing": "easeInOutSine"
						},
						"5.4833": {
							"vector": [5.21779, 0.283, 1.77734],
							"easing": "easeInOutSine"
						},
						"5.6": {
							"vector": [5.22104, 0.21477, 2.52424]
						},
						"5.8333": {
							"vector": [5.2143, 0.33981, 1.15492]
						},
						"5.95": {
							"vector": [5.21966, 0.2432, 2.21303]
						},
						"6.0667": {
							"vector": [5.21779, 0.283, 1.77734],
							"easing": "easeInOutSine"
						},
						"6.5167": {
							"vector": [0, 0, 0],
							"easing": "easeInOutSine"
						}
					}
				}
			},
			"sound_effects": {
				"0.0": {
					"effect": "foley_start"
				},
				"0.4": {
					"effect": "hl_mp5stockback"
				},
				"0.7333": {
					"effect": "hl_mp5stockforward"
				},
				"1.15": {
					"effect": "inspect_foley"
				},
				"3.5": {
					"effect": "inspect_turn"
				},
				"5.3833": {
					"effect": "hl_mp5open"
				},
				"5.8333": {
					"effect": "hl_mp5close"
				},
				"5.9333": {
					"effect": "foley_end"
				}
			}
		},
		"animation.model.inspectempty": {
			"loop": true,
			"animation_length": 8.6833,
			"bones": {
				"main": {
					"rotation": {
						"0.0": {
							"vector": [0, 0, 0]
						},
						"0.25": {
							"vector": [-0.3211, -19.36826, -1.21939],
							"easing": "easeInOutSine"
						},
						"0.35": {
							"vector": [-0.18599, -21.5204, -3.4561],
							"easing": "easeOutSine"
						},
						"0.45": {
							"vector": [-0.00364, -22.63993, -6.44446]
						},
						"0.5667": {
							"vector": [-1.25093, -22.13998, -5.66286]
						},
						"0.7333": {
							"vector": [-0.75364, -22.63993, -6.43852]
						},
						"0.8333": {
							"vector": [-1.14874, -22.57627, -3.35578]
						},
						"0.9833": {
							"vector": [-0.39607, -22.64191, -7.10567]
						},
						"1.1833": {
							"vector": [-0.75642, -23.13989, -5.93731],
							"easing": "easeInOutSine"
						},
						"1.5167": {
							"vector": [-19.66919, -19.90761, -32.27713],
							"easing": "easeInOutSine"
						},
						"1.7333": {
							"vector": [-19.31228, -21.15517, -38.31513],
							"easing": "easeOutSine"
						},
						"1.95": {
							"vector": [-19.38063, -20.64537, -36.74026],
							"easing": "easeOutSine"
						},
						"2.1667": {
							"vector": [-19.27752, -21.0043, -37.02759]
						},
						"2.3667": {
							"vector": [-19.40613, -20.88602, -36.6674]
						},
						"2.55": {
							"vector": [-19.28897, -20.99373, -36.99549]
						},
						"2.7167": {
							"vector": [-19.57191, -20.73301, -36.20246],
							"easing": "easeInOutSine"
						},
						"2.9333": {
							"vector": [-17.50475, -22.48316, -41.81132]
						},
						"3.05": {
							"vector": [-16.90518, -22.92688, -43.36457]
						},
						"3.2": {
							"vector": [-17.12827, -22.7627, -42.78763]
						},
						"3.3333": {
							"vector": [-17.06873, -22.80658, -42.94168]
						},
						"3.4833": {
							"vector": [-17.41301, -22.54997, -42.04775]
						},
						"3.6333": {
							"vector": [-17.30992, -22.62843, -42.31722]
						},
						"3.7833": {
							"vector": [-17.50475, -22.48316, -41.81132]
						},
						"4.1833": {
							"vector": [-13.4216, 7.54752, 58.86866],
							"easing": "easeInOutSine"
						},
						"4.3833": {
							"vector": [-13.59414, 8.89558, 61.39559],
							"easing": "easeOutSine"
						},
						"4.6167": {
							"vector": [-13.74803, 8.65246, 60.38503]
						},
						"4.7833": {
							"vector": [-13.65437, 8.8014, 61.00285]
						},
						"4.9667": {
							"vector": [-13.70706, 8.71858, 60.65808],
							"easing": "easeInOutSine"
						},
						"5.4167": {
							"vector": [-12.99454, 9.75821, 65.09397],
							"easing": "easeInOutSine"
						},
						"5.5333": {
							"vector": [-12.72574, 10.87891, 66.65841]
						},
						"5.6333": {
							"vector": [-13.09286, 10.27023, 64.62117]
						},
						"5.9667": {
							"vector": [-13.01402, 10.14229, 65.03878]
						},
						"6.15": {
							"vector": [-13.18313, 11.03922, 64.07849],
							"easing": "easeInSine"
						},
						"6.4333": {
							"vector": [-12.95478, 11.95697, 65.2695],
							"easing": "easeOutSine"
						},
						"6.6167": {
							"vector": [-13.03178, 11.87257, 64.8961],
							"easing": "easeInOutSine"
						},
						"6.8167": {
							"vector": [-12.66797, 12.26078, 66.63627],
							"easing": "easeInOutSine"
						},
						"6.95": {
							"vector": [-12.85107, 12.06862, 65.76779],
							"easing": "easeInOutSine"
						},
						"7.2833": {
							"vector": [-13.31606, 9.33511, 59.61467],
							"easing": "easeInOutSine"
						},
						"7.4": {
							"vector": [-13.39553, 9.21961, 59.12174]
						},
						"7.5167": {
							"vector": [-13.27096, 9.39944, 59.89102]
						},
						"7.6167": {
							"vector": [-13.31606, 9.33511, 59.61467],
							"easing": "easeInOutSine"
						},
						"7.6833": {
							"vector": [-11.96211, 9.05654, 61.74739]
						},
						"7.8167": {
							"vector": [-12.06606, 9.33511, 59.61467],
							"easing": "easeInOutSine"
						},
						"8.2167": {
							"vector": [1.57141, -1.85374, -1.9128],
							"easing": "easeInOutSine"
						},
						"8.2833": {
							"vector": [0.27288, -0.37236, 1.59554],
							"easing": "linear"
						},
						"8.35": {
							"vector": [0, 0, 0],
							"easing": "linear"
						}
					},
					"position": {
						"0.0": {
							"vector": [0, 0, 0]
						},
						"0.2": {
							"vector": [0.04133, -2.31104, -5.30354],
							"easing": "easeInSine"
						},
						"0.3167": {
							"vector": [1.15867, -1.36917, -5.12702],
							"easing": "easeOutSine"
						},
						"0.4167": {
							"vector": [0.92982, -1.05849, -4.61397],
							"easing": "easeOutSine"
						},
						"0.5333": {
							"vector": [0.77875, -0.58657, -3.94661],
							"easing": "easeOutSine"
						},
						"0.7": {
							"vector": [0.80529, -0.58231, -4.33812]
						},
						"0.8167": {
							"vector": [1.18475, -0.6326, -5.08882]
						},
						"0.9833": {
							"vector": [1.11675, -0.5628, -4.47657]
						},
						"1.2667": {
							"vector": [-0.57, -2.575, -1.5],
							"easing": "easeInOutSine"
						},
						"1.5833": {
							"vector": [-1.55, -0.55, -4.05],
							"easing": "easeInOutSine"
						},
						"2.0333": {
							"vector": [-1.6, -0.665, -4.05],
							"easing": "easeInOutSine"
						},
						"2.3333": {
							"vector": [-1.58, -0.055, -4.15]
						},
						"2.5667": {
							"vector": [-1.56, -0.095, -4.09]
						},
						"2.7667": {
							"vector": [-1.55, 0, -4.05],
							"easing": "easeInOutSine"
						},
						"3.0667": {
							"vector": [-1.55, -0.1, -4.125],
							"easing": "easeInOutSine"
						},
						"3.2833": {
							"vector": [-1.6, 0.04, -4.11]
						},
						"3.6833": {
							"vector": [-1.55, -0.35, -4.05],
							"easing": "easeInQuad"
						},
						"4.0": {
							"vector": [0.33, -7.81, -6.125],
							"easing": "easeInOutSine"
						},
						"4.3": {
							"vector": [2.425, -5.325, -4.05],
							"easing": "easeOutSine"
						},
						"4.55": {
							"vector": [2.575, -5.1, -4.05],
							"easing": "easeOutSine"
						},
						"5.0333": {
							"vector": [2.425, -5.1, -4.05],
							"easing": "easeOutSine"
						},
						"5.35": {
							"vector": [2.555, -4.65, -3.825],
							"easing": "easeInOutSine"
						},
						"5.5667": {
							"vector": [2.56, -4.65, -3.205]
						},
						"5.9333": {
							"vector": [2.56, -4.8, -4.11],
							"easing": "easeInOutSine"
						},
						"6.2": {
							"vector": [2.56, -4.05, -0.375],
							"easing": "easeInOutSine"
						},
						"6.45": {
							"vector": [2.56, -3.695, 0.97],
							"easing": "easeOutSine"
						},
						"6.55": {
							"vector": [2.47, -3.73, 0.9]
						},
						"6.6667": {
							"vector": [2.41543, -3.59291, 0.15645]
						},
						"6.7833": {
							"vector": [2.4134, -3.83165, 0.78287]
						},
						"6.95": {
							"vector": [2.56, -3.875, 0.625],
							"easing": "easeInOutSine"
						},
						"7.25": {
							"vector": [2.035, -3.87, -2.205],
							"easing": "easeInOutSine"
						},
						"7.4167": {
							"vector": [1.685, -3.87, -2.88]
						},
						"7.6167": {
							"vector": [1.81, -3.87, -2.53],
							"easing": "easeInOutSine"
						},
						"7.6833": {
							"vector": [1.81, -3.87, -3.905]
						},
						"7.8167": {
							"vector": [1.81, -3.87, -2.53],
							"easing": "easeInOutSine"
						},
						"8.0667": {
							"vector": [0.02894, -1.60775, -6.90297],
							"easing": "easeInOutSine"
						},
						"8.1833": {
							"vector": [0.05077, -1.45863, -3.79557],
							"easing": "linear"
						},
						"8.2833": {
							"vector": [-0.01391, -0.26895, -0.26276]
						},
						"8.35": {
							"vector": [0, 0, 0],
							"easing": "linear"
						}
					}
				},
				"stock": {
					"position": {
						"0.0": {
							"vector": [0, 0, 0]
						},
						"0.4333": {
							"vector": [0, 0, 0]
						},
						"0.5167": {
							"vector": [0, 0, 4]
						},
						"0.7833": {
							"vector": [0, 0, 4.275]
						},
						"0.8667": {
							"vector": [0, 0, 0]
						}
					}
				},
				"rightarm": {
					"rotation": {
						"0.0": {
							"vector": [0, 0, 0]
						},
						"0.3167": {
							"vector": [-22.76238, -8.70924, -7.82968]
						},
						"0.4333": {
							"vector": [-22.76238, -8.70924, -7.82968]
						},
						"0.8667": {
							"vector": [-22.76238, -8.70924, -7.82968]
						},
						"0.95": {
							"vector": [-22.76238, -8.70924, -7.82968]
						},
						"1.1": {
							"vector": [0, 0, 0]
						}
					},
					"position": {
						"0.0": {
							"vector": [0, 0, 0]
						},
						"0.1333": {
							"vector": [-2.69973, -2.55236, 4.19648]
						},
						"0.3167": {
							"vector": [-5.48746, -0.12571, 8.98169]
						},
						"0.4333": {
							"vector": [-5.48746, -0.12571, 8.98169]
						},
						"0.5167": {
							"vector": [-5.49, -0.13, 12.98]
						},
						"0.7833": {
							"vector": [-5.49, -0.13, 13.38]
						},
						"0.8667": {
							"vector": [-5.48746, -0.12571, 8.98169]
						},
						"0.95": {
							"vector": [-5.48746, -0.12571, 8.98169]
						},
						"1.1": {
							"vector": [0, 0, 0]
						}
					}
				},
				"leftarm": {
					"rotation": {
						"0.0": {
							"vector": [0, 0, 0]
						},
						"0.3833": {
							"vector": [-9.76828, -8.93982, -12.44425]
						},
						"1.1": {
							"vector": [-9.76828, -8.93982, -12.44425]
						},
						"1.2333": {
							"vector": [34.41113, 28.75289, 18.69204]
						},
						"1.4833": {
							"vector": [118.4704, 29.79968, 80.87625]
						},
						"3.8167": {
							"vector": [118.4704, 29.79968, 80.87625]
						},
						"4.1833": {
							"vector": [-13.46144, -1.4925, -32.04906]
						},
						"5.2167": {
							"vector": [-13.46144, -1.4925, -32.04906]
						},
						"5.3667": {
							"vector": [-19.41556, -5.02288, -33.94245]
						},
						"5.4333": {
							"vector": [-18.83485, -6.69052, -35.04952]
						},
						"5.5": {
							"vector": [-37.46191, -7.31822, -33.68125]
						},
						"6.5167": {
							"vector": [-37.46191, -7.31822, -33.68125]
						},
						"6.6": {
							"vector": [-18.83485, -6.69052, -35.04952]
						},
						"6.7167": {
							"vector": [-18.83485, -6.69052, -35.04952]
						},
						"6.8": {
							"vector": [-37.46191, -7.31822, -33.68125]
						},
						"7.0833": {
							"vector": [-37.46191, -7.31822, -33.68125]
						},
						"7.25": {
							"vector": [-37.58468, -7.63885, -32.46685]
						},
						"7.6167": {
							"vector": [-37.58468, -7.63885, -32.46685]
						},
						"7.6833": {
							"vector": [-26.83826, -9.82797, -28.46973]
						},
						"7.8667": {
							"vector": [-17.00904, -1.19927, -40.7789]
						},
						"8.1333": {
							"vector": [0, 0, 0]
						}
					},
					"position": {
						"0.0": {
							"vector": [0, 0, 0]
						},
						"0.3833": {
							"vector": [4.46108, -2.49736, -1.52994]
						},
						"1.1": {
							"vector": [4.46108, -2.49736, -1.52994]
						},
						"1.4833": {
							"vector": [10.26137, -11.10825, 18.77829]
						},
						"3.8167": {
							"vector": [10.26137, -11.10825, 18.77829]
						},
						"4.1833": {
							"vector": [12.86468, 12.51004, -7.26439]
						},
						"5.2167": {
							"vector": [12.86468, 12.51004, -7.26439]
						},
						"5.3667": {
							"vector": [14.17117, 12.38031, -10.24756]
						},
						"5.4333": {
							"vector": [14.20682, 12.49962, -10.08664]
						},
						"5.5": {
							"vector": [16.64095, 11.92426, -7.78721]
						},
						"6.5167": {
							"vector": [16.64095, 11.92426, -7.78721]
						},
						"6.6": {
							"vector": [14.20682, 12.49962, -10.08664]
						},
						"6.7167": {
							"vector": [14.20682, 12.49962, -10.08664]
						},
						"6.8": {
							"vector": [16.74862, 12.25551, -7.7528]
						},
						"7.0833": {
							"vector": [16.74862, 12.25551, -7.7528]
						},
						"7.25": {
							"vector": [16.51364, 11.6499, -7.82658]
						},
						"7.6167": {
							"vector": [16.51364, 11.6499, -7.82658]
						},
						"7.6833": {
							"vector": [18.23433, 10.25223, 21.98325]
						},
						"7.8667": {
							"vector": [23.40551, 10.69039, 24.07892]
						},
						"8.1333": {
							"vector": [0, 0, 0]
						}
					},
					"scale": {
						"0.0": {
							"vector": [1, 1, 1]
						},
						"0.3833": {
							"vector": [1.1, 1.1, 1.1]
						},
						"1.1": {
							"vector": [1.1, 1.1, 1.1]
						},
						"1.4833": {
							"vector": [1, 1, 1]
						},
						"4.1833": {
							"vector": [1.3, 1.2, 1.3]
						},
						"7.6833": {
							"vector": [1.3, 1.2, 1.3]
						},
						"8.1333": {
							"vector": [1, 1, 1]
						}
					}
				},
				"action": {
					"position": {
						"0.0": {
							"vector": [0, 0, 0]
						},
						"5.4333": {
							"vector": [0, 0, 0]
						},
						"5.5": {
							"vector": [0, 0, 4.875]
						},
						"6.5167": {
							"vector": [0, 0, 4.875]
						},
						"6.6": {
							"vector": [0, 0, 0]
						},
						"6.7167": {
							"vector": [0, 0, 0]
						},
						"6.8": {
							"vector": [0, 0, 4.875]
						},
						"7.6167": {
							"vector": [0, 0, 4.875]
						},
						"7.6833": {
							"vector": [0, 0, 0]
						}
					}
				},
				"bolt": {
					"position": {
						"0.0": {
							"vector": [0, 0, 0]
						},
						"5.4333": {
							"vector": [0, 0, 0]
						},
						"5.5": {
							"vector": [0, 0, 10.9]
						},
						"6.5167": {
							"vector": [0, 0, 10.9]
						},
						"6.6": {
							"vector": [0, 0, 0]
						},
						"6.7167": {
							"vector": [0, 0, 0]
						},
						"6.8": {
							"vector": [0, 0, 10.9]
						},
						"7.6167": {
							"vector": [0, 0, 10.9]
						},
						"7.6833": {
							"vector": [0, 0, 0]
						}
					}
				},
				"bullet": {
					"scale": {
						"vector": [0, 0, 0]
					}
				},
				"_cb_suppressor": {
					"position": {
						"0.0": {
							"vector": [0, 0, 0]
						},
						"8.35": {
							"vector": [0, 0, 6.5]
						}
					}
				},
				"_camera_": {
					"rotation": {
						"0.0": {
							"vector": [0, 0, 0]
						},
						"0.35": {
							"vector": [5.00102, 3.24896, 0.00655],
							"easing": "easeInOutSine"
						},
						"0.4667": {
							"vector": [5.18066, 4.31067, -0.66159],
							"easing": "easeOutSine"
						},
						"0.5667": {
							"vector": [5.06889, 4.4994, -1.83322]
						},
						"0.7333": {
							"vector": [5.12062, 4.61959, -0.35301]
						},
						"0.8333": {
							"vector": [4.99731, 4.10461, -1.19355]
						},
						"0.95": {
							"vector": [5.00102, 3.24896, 0.00655],
							"easing": "easeInOutSine"
						},
						"1.3833": {
							"vector": [2.5, 2.5, 2],
							"easing": "easeInOutSine"
						},
						"1.65": {
							"vector": [1.94498, 2.54303, 0.74953]
						},
						"1.95": {
							"vector": [1.97932, 2.51638, 1.5276]
						},
						"2.8167": {
							"vector": [3.96195, 4.03013, 1.08647],
							"easing": "easeInOutSine"
						},
						"3.6833": {
							"vector": [2.00238, 3.74924, 2.04371],
							"easing": "easeInOutSine"
						},
						"4.2": {
							"vector": [3.94598, 0.92969, 0.33443],
							"easing": "easeInOutSine"
						},
						"4.5": {
							"vector": [4.20392, 0.89524, 0.8333],
							"easing": "easeOutSine"
						},
						"5.0333": {
							"vector": [3.94598, 0.92969, 0.33443],
							"easing": "easeInOutSine"
						},
						"5.4833": {
							"vector": [5.21779, 0.283, 1.77734],
							"easing": "easeInOutSine"
						},
						"5.6": {
							"vector": [5.22104, 0.21477, 2.52424]
						},
						"5.8333": {
							"vector": [5.2143, 0.33981, 1.15492]
						},
						"6.15": {
							"vector": [6.20566, 1.1395, 0.73896],
							"easing": "easeInOutSine"
						},
						"6.5167": {
							"vector": [6.44554, 1.1935, 0.24178],
							"easing": "easeOutSine"
						},
						"6.6167": {
							"vector": [6.42064, 1.30479, -0.74546]
						},
						"6.7167": {
							"vector": [6.44398, 1.16219, 0.52028]
						},
						"6.8167": {
							"vector": [6.40715, 1.32959, -0.9666]
						},
						"7.0333": {
							"vector": [6.65291, 1.61069, -0.21287],
							"easing": "easeInSine"
						},
						"7.3333": {
							"vector": [5.87555, 1.91735, 0.60939],
							"easing": "easeOutSine"
						},
						"7.55": {
							"vector": [5.87555, 1.91735, 0.60939]
						},
						"7.65": {
							"vector": [5.92349, 1.76317, 2.10221]
						},
						"7.75": {
							"vector": [5.83409, 2.03882, -0.57744]
						},
						"7.8667": {
							"vector": [5.87555, 1.91735, 0.60939]
						},
						"8.0333": {
							"vector": [4.07127, 1.42747, -0.82181]
						},
						"8.3167": {
							"vector": [0, 0, 0],
							"easing": "easeInOutSine"
						}
					}
				}
			},
			"sound_effects": {
				"0.0": {
					"effect": "foley_start"
				},
				"0.4": {
					"effect": "hl_mp5stockback"
				},
				"0.7333": {
					"effect": "hl_mp5stockforward"
				},
				"1.15": {
					"effect": "inspect_foley"
				},
				"3.5": {
					"effect": "inspect_turn"
				},
				"5.4333": {
					"effect": "hl_mp5actionback"
				},
				"6.4833": {
					"effect": "hl_mp5actionforward"
				},
				"6.6667": {
					"effect": "hl_mp5actionback"
				},
				"7.6167": {
					"effect": "hl_mp5actionforward"
				},
				"7.8": {
					"effect": "foley_end"
				}
			}
		},
		"animation.model.switch": {
			"loop": true,
			"animation_length": 0.7167,
			"bones": {
				"main": {
					"rotation": {
						"0.0": {
							"vector": [0, 0, 0]
						},
						"0.1333": {
							"vector": [-1.75015, 0.74965, -5.77291],
							"easing": "easeInOutSine"
						},
						"0.25": {
							"vector": [-1.19254, 0.38526, 1.23679]
						},
						"0.3833": {
							"vector": [-0.1977, 0.04803, -2.01476],
							"easing": "easeOutQuad"
						},
						"0.4667": {
							"vector": [0, 0, 0],
							"easing": "easeOutSine"
						}
					},
					"position": {
						"0.0": {
							"vector": [0, 0, 0]
						},
						"0.0833": {
							"vector": [-0.18, -0.425, 0.69],
							"easing": "easeOutSine"
						},
						"0.2167": {
							"vector": [-0.325, -0.275, 1.225],
							"easing": "easeInOutSine"
						},
						"0.2833": {
							"vector": [-0.32, -0.555, 1.23]
						},
						"0.4667": {
							"vector": [0, 0, 0],
							"easing": "easeInOutSine"
						}
					}
				},
				"leftarm": {
					"rotation": {
						"0.0": {
							"vector": [0, 0, 0]
						},
						"0.15": {
							"vector": [-21.97695, -2.44572, -0.0793]
						},
						"0.2833": {
							"vector": [-4.75, 0, 0]
						},
						"0.4167": {
							"vector": [0, 0, 0]
						}
					},
					"position": {
						"0.0": {
							"vector": [0, 0, 0]
						},
						"0.15": {
							"vector": [2.225, -3.825, -6.975]
						},
						"0.2833": {
							"vector": [0.85, -0.975, -1.525]
						},
						"0.4167": {
							"vector": [0, 0, 0]
						}
					}
				},
				"rightarm": {
					"rotation": {
						"0.0": {
							"vector": [0, 0, 0]
						},
						"0.1167": {
							"vector": [-6.45366, -5.87854, -12.96186]
						},
						"0.2333": {
							"vector": [-5.62132, -4.33325, -8.25181]
						},
						"0.3667": {
							"vector": [0, 0, 0]
						}
					},
					"position": {
						"0.0": {
							"vector": [0, 0, 0]
						},
						"0.1167": {
							"vector": [0.6, -1.625, -3.1]
						},
						"0.2333": {
							"vector": [0.6, -1.63, -4.075]
						},
						"0.3667": {
							"vector": [0, 0, 0]
						}
					}
				},
				"_camera_": {
					"rotation": {
						"0.0": {
							"vector": [0, 0, 0]
						},
						"0.15": {
							"vector": [0.74012, 0.75975, -0.75],
							"easing": "easeOutSine"
						},
						"0.25": {
							"vector": [0.54307, 0.54783, -0.04545]
						},
						"0.4667": {
							"vector": [0, 0, 0],
							"easing": "easeInOutSine"
						}
					}
				}
			},
			"sound_effects": {
				"0.0833": {
					"effect": "hl_switch"
				}
			}
		},
		"animation.model.switchgrenade": {
			"loop": true,
			"animation_length": 0.7167,
			"bones": {
				"main": {
					"rotation": {
						"0.0": {
							"vector": [0, 0, 0]
						},
						"0.1333": {
							"vector": [0.74985, 0.74965, -5.77291],
							"easing": "easeInOutSine"
						},
						"0.25": {
							"vector": [1.29693, 0.41935, -0.26286]
						},
						"0.3833": {
							"vector": [-0.1977, 0.04803, -2.01476],
							"easing": "easeOutQuad"
						},
						"0.4667": {
							"vector": [0, 0, 0],
							"easing": "easeOutSine"
						}
					},
					"position": {
						"0.0": {
							"vector": [0, 0, 0]
						},
						"0.0833": {
							"vector": [-0.18, -0.425, 0.69],
							"easing": "easeOutSine"
						},
						"0.2833": {
							"vector": [-0.32, -0.555, 1.23]
						},
						"0.4667": {
							"vector": [0, 0, 0],
							"easing": "easeInOutSine"
						}
					}
				},
				"leftarm": {
					"rotation": {
						"0.0": {
							"vector": [0, 0, 0]
						},
						"0.15": {
							"vector": [-21.97695, -2.44572, -0.0793]
						},
						"0.2833": {
							"vector": [-4.75, 0, 0]
						},
						"0.4167": {
							"vector": [0, 0, 0]
						}
					},
					"position": {
						"0.0": {
							"vector": [0, 0, 0]
						},
						"0.15": {
							"vector": [2.225, -3.825, -6.975]
						},
						"0.2833": {
							"vector": [0.85, -0.975, -1.525]
						},
						"0.4167": {
							"vector": [0, 0, 0]
						}
					}
				},
				"_camera_": {
					"rotation": {
						"0.0": {
							"vector": [0, 0, 0]
						},
						"0.15": {
							"vector": [0.74012, 0.75975, -0.75],
							"easing": "easeOutSine"
						},
						"0.25": {
							"vector": [0.54307, 0.54783, -0.04545]
						},
						"0.4667": {
							"vector": [0, 0, 0],
							"easing": "easeInOutSine"
						}
					}
				}
			},
			"sound_effects": {
				"0.1": {
					"effect": "hl_switch"
				}
			}
		},
		"animation.model.fire": {
			"loop": true,
			"animation_length": 0.4333,
			"bones": {
				"main": {
					"rotation": {
						"0.0": {
							"vector": [0, 0, 0]
						},
						"0.05": {
							"vector": [0.24722, -0.15263, -0.99759]
						},
						"0.1": {
							"vector": [0.25995, -0.07447, -1.5556]
						},
						"0.2": {
							"vector": [0, 0.01681, 0.95037]
						},
						"0.2833": {
							"vector": [0, 0.00851, -0.52127]
						},
						"0.35": {
							"vector": [0, 0.0036, 0.23936]
						},
						"0.4333": {
							"vector": [0, 0, 0]
						}
					},
					"position": {
						"0.0": {
							"vector": [0, 0, 0]
						},
						"0.0667": {
							"vector": [0, 0, 1.425]
						},
						"0.2167": {
							"vector": [0.00635, -0.2249, 0.74196],
							"easing": "easeInSine"
						},
						"0.4333": {
							"vector": [0, 0, 0],
							"easing": "easeOutSine"
						}
					}
				},
				"leftarm": {
					"rotation": {
						"0.0": {
							"vector": [0, 0, 0]
						},
						"0.1": {
							"vector": [-1.76981, 2.09764, -1.59668]
						},
						"0.3167": {
							"vector": [0, 0, 0]
						}
					},
					"position": {
						"0.0": {
							"vector": [0, 0, 0]
						},
						"0.1": {
							"vector": [1.19972, -0.02575, -0.00263]
						},
						"0.3167": {
							"vector": [0, 0, 0]
						}
					}
				},
				"action": {
					"position": {
						"0.0": {
							"vector": [0, 0, 0]
						},
						"0.0333": {
							"vector": [0, 0, 5]
						},
						"0.0667": {
							"vector": [0, 0, 0]
						}
					}
				}
			}
		},
		"animation.model.running": {
			"loop": true,
			"animation_length": 0.5667,
			"bones": {
				"main": {
					"rotation": {
						"0.0": {
							"vector": [-26.603, -34.94518, 28.84185]
						},
						"0.1": {
							"vector": [-29.81673, -29.94187, 33.14961],
							"easing": "easeInOutSine"
						},
						"0.2833": {
							"vector": [-21.46907, -27.69431, 21.37313],
							"easing": "easeInOutSine"
						},
						"0.3333": {
							"vector": [-22.46288, -28.57969, 24.18927],
							"easing": "linear"
						},
						"0.5667": {
							"vector": [-26.603, -34.94518, 28.84185],
							"easing": "easeOutSine"
						}
					},
					"position": {
						"0.0": {
							"vector": [5.15, -5.575, 4.425]
						},
						"0.0333": {
							"vector": [4.66, -4.66, 4.42]
						},
						"0.0667": {
							"vector": [3.93, -4.545, 4.42]
						},
						"0.1167": {
							"vector": [3.52, -5.5, 4.42]
						},
						"0.1833": {
							"vector": [2.635, -7.455, 4.42]
						},
						"0.25": {
							"vector": [1.975, -6.28, 4.42]
						},
						"0.3": {
							"vector": [1.36, -5.325, 4.42]
						},
						"0.35": {
							"vector": [0.08, -6.73, 4.42]
						},
						"0.4": {
							"vector": [0.965, -7.93, 4.42]
						},
						"0.45": {
							"vector": [1.73, -9.575, 4.42]
						},
						"0.5": {
							"vector": [3.22, -7.86, 4.42]
						},
						"0.5667": {
							"vector": [5.15, -5.575, 4.425],
							"easing": "linear"
						}
					}
				}
			}
		},
		"animation.model.off_ground_sprinting": {
			"loop": true,
			"animation_length": 1.2667,
			"bones": {
				"main": {
					"rotation": {
						"0.0": {
							"vector": [-25.20011, -30.44657, 26.24708]
						},
						"0.55": {
							"vector": [-26.36918, -30.50367, 33.77064],
							"easing": "easeInOutSine"
						},
						"0.9833": {
							"vector": [-27.47824, -28.44877, 30.8783],
							"easing": "easeInSine"
						},
						"1.2667": {
							"vector": [-25.20011, -30.44657, 26.24708],
							"easing": "easeInOutSine"
						}
					},
					"position": {
						"0.0": {
							"vector": [5.15, -7.575, 8.425]
						},
						"0.3667": {
							"vector": [3.525, -8.855, 8.02],
							"easing": "easeInOutSine"
						},
						"0.8": {
							"vector": [4.12, -8.575, 7.795],
							"easing": "easeInOutSine"
						},
						"1.2667": {
							"vector": [5.15, -7.575, 8.425],
							"easing": "easeInOutSine"
						}
					}
				}
			}
		},
		"animation.model.runningend": {
			"animation_length": 0.5833,
			"bones": {
				"main": {
					"rotation": {
						"0.0": {
							"vector": [-26.603, -34.94518, 28.84185]
						},
						"0.3333": {
							"vector": [1.57254, -2.85336, -1.94025],
							"easing": "easeInOutSine"
						},
						"0.4167": {
							"vector": [0.26634, -0.37706, 2.59555],
							"easing": "linear"
						},
						"0.4833": {
							"vector": [0, 0, -1],
							"easing": "linear"
						},
						"0.5833": {
							"vector": [0, 0, 0],
							"easing": "linear"
						}
					},
					"position": {
						"0.0": {
							"vector": [5.15, -5.575, 4.425]
						},
						"0.1": {
							"vector": [3.58, -10.94, 1.65]
						},
						"0.3167": {
							"vector": [0.05077, -1.45863, -4.62057],
							"easing": "easeInOutSine"
						},
						"0.4167": {
							"vector": [-0.01609, -0.39395, 0.21284],
							"easing": "linear"
						},
						"0.4833": {
							"vector": [0, 0, -0.125],
							"easing": "linear"
						},
						"0.5667": {
							"vector": [0, 0, 0],
							"easing": "linear"
						}
					}
				}
			}
		},
		"animation.model.runningstart": {
			"animation_length": 0.25,
			"bones": {
				"main": {
					"rotation": {
						"0.0": {
							"vector": [0, 0, 0]
						},
						"0.25": {
							"vector": [-26.603, -34.94518, 28.84185],
							"easing": "easeInOutSine"
						}
					},
					"position": {
						"0.0": {
							"vector": [0, 0, 0]
						},
						"0.1167": {
							"vector": [1.98, -7.785, 3.24],
							"easing": "easeInOutSine"
						},
						"0.25": {
							"vector": [5.15, -5.575, 4.425],
							"easing": "easeOutSine"
						}
					}
				}
			}
		},
		"animation.model.off_ground": {
			"loop": true,
			"animation_length": 0.2,
			"bones": {
				"main": {
					"rotation": {
						"vector": [0, 0, 0]
					},
					"position": {
						"vector": [0, 0, 0]
					}
				}
			}
		}
	},
	"geckolib_format_version": 2
}