{
	"format_version": "1.8.0",
	"animations": {
		"animation.model.draw": {
			"loop": true,
			"animation_length": 1.2,
			"bones": {
				"main": {
					"rotation": {
						"0.0": {
							"vector": [32.09413, -54.38778, -8.29667]
						},
						"0.4833": {
							"vector": [0.43837, -1.692, 1.37668],
							"easing": "easeInOutSine"
						},
						"0.6333": {
							"vector": [0, 0, -1.25],
							"easing": "easeOutSine"
						},
						"0.75": {
							"vector": [0, 0, 0],
							"easing": "easeInOutSine"
						}
					},
					"position": {
						"0.0": {
							"vector": [0, -17.3, 7.125]
						},
						"0.3833": {
							"vector": [0, -1.05, -4.55],
							"easing": "easeInOutSine"
						},
						"0.5667": {
							"vector": [0, -1.1, -1.6]
						},
						"0.75": {
							"vector": [0, 0, 0],
							"easing": "easeOutSine"
						}
					}
				},
				"_camera_": {
					"rotation": {
						"0.0": {
							"vector": [0, 0, 0]
						},
						"0.25": {
							"vector": [2.5392, -1.43262, -1.56448],
							"easing": "easeInOutSine"
						},
						"0.4333": {
							"vector": [1.35328, -0.04971, 0.68292],
							"easing": "easeInOutSine"
						},
						"0.5833": {
							"vector": [0.67706, -0.00713, -1.15844],
							"easing": "easeOutSine"
						},
						"0.75": {
							"vector": [0, 0, 0],
							"easing": "easeOutSine"
						}
					}
				}
			},
			"sound_effects": {
				"0.1333": {
					"effect": "hl_draw"
				}
			}
		},
		"animation.model.drawempty": {
			"loop": true,
			"animation_length": 1.2,
			"bones": {
				"main": {
					"rotation": {
						"0.0": {
							"vector": [32.09413, -54.38778, -8.29667]
						},
						"0.4833": {
							"vector": [0.43837, -1.692, 1.37668],
							"easing": "easeInOutSine"
						},
						"0.6333": {
							"vector": [0, 0, -1.25],
							"easing": "easeOutSine"
						},
						"0.75": {
							"vector": [0, 0, 0],
							"easing": "easeInOutSine"
						}
					},
					"position": {
						"0.0": {
							"vector": [0, -17.3, 7.125]
						},
						"0.3833": {
							"vector": [0, -1.05, -4.55],
							"easing": "easeInOutSine"
						},
						"0.5667": {
							"vector": [0, -1.1, -1.6]
						},
						"0.75": {
							"vector": [0, 0, 0],
							"easing": "easeOutSine"
						}
					}
				},
				"_camera_": {
					"rotation": {
						"0.0": {
							"vector": [0, 0, 0]
						},
						"0.25": {
							"vector": [2.5392, -1.43262, -1.56448],
							"easing": "easeInOutSine"
						},
						"0.4333": {
							"vector": [1.35328, -0.04971, 0.68292],
							"easing": "easeInOutSine"
						},
						"0.5833": {
							"vector": [0.67706, -0.00713, -1.15844],
							"easing": "easeOutSine"
						},
						"0.75": {
							"vector": [0, 0, 0],
							"easing": "easeOutSine"
						}
					}
				},
				"piece": {
					"position": {
						"vector": [-0.06224, -0.07724, -18.64974]
					}
				},
				"leftstring": {
					"rotation": {
						"vector": [0, -27.5, 0]
					}
				},
				"rightstring": {
					"rotation": {
						"vector": [0, 27.5, 0]
					}
				},
				"rebar": {
					"position": {
						"vector": [-1.70859, -2.12039, -255.98552]
					},
					"scale": {
						"vector": [0, 0, 0]
					}
				},
				"rebarnonglow": {
					"position": {
						"vector": [-1.70859, -2.12039, -255.98552]
					},
					"scale": {
						"vector": [0, 0, 0]
					}
				}
			},
			"sound_effects": {
				"0.1333": {
					"effect": "hl_draw"
				}
			}
		},
		"animation.model.fire": {
			"loop": true,
			"animation_length": 0.9,
			"bones": {
				"main": {
					"rotation": {
						"0.0": {
							"vector": [0, 0, 0]
						},
						"0.0556": {
							"vector": [-1.18646, -0.95601, -5.42997]
						},
						"0.1667": {
							"vector": [0.1479, 1.26531, 3.42061]
						},
						"0.3222": {
							"vector": [0.60244, 0.51183, 0.66747]
						},
						"0.5667": {
							"vector": [-0.05466, 0.00042, -0.81083],
							"easing": "easeOutSine"
						},
						"0.7667": {
							"vector": [0, 0, 0],
							"easing": "easeInOutSine"
						}
					},
					"position": {
						"0.0": {
							"vector": [0, 0, 0]
						},
						"0.0333": {
							"vector": [-0.00312, 1.99797, 3.87432]
						},
						"0.2111": {
							"vector": [-0.0826, 0.31325, 4.38304]
						},
						"0.4778": {
							"vector": [-0.0767, -1.27015, -0.4386],
							"easing": "easeInSine"
						},
						"0.7667": {
							"vector": [0, 0, 0],
							"easing": "easeOutSine"
						}
					}
				},
				"loader": {
					"position": {
						"0.0": {
							"vector": [0, 0, 0]
						},
						"0.1889": {
							"vector": [0, 0, 0]
						},
						"0.2667": {
							"vector": [0, 0, -18]
						},
						"0.4556": {
							"vector": [0, 0, -18]
						},
						"0.5556": {
							"vector": [0, 0, 0]
						}
					}
				},
				"glowy_new6": {
					"rotation": {
						"0.0": {
							"vector": [0, 0, 0]
						},
						"0.0333": {
							"vector": [0, 0, -17.5]
						},
						"0.0444": {
							"vector": [-6.48931, 0.27105, 5.49155]
						},
						"0.1": {
							"vector": [0, 0, -17.5]
						},
						"0.1333": {
							"vector": [0, 0, 0]
						},
						"0.2333": {
							"vector": [-5.75059, -0.57493, -3.945]
						},
						"0.5778": {
							"vector": [1.31748, -0.15684, 1.03807],
							"easing": "easeInOutSine"
						},
						"0.9": {
							"vector": [0, 0, 0],
							"easing": "easeOutSine"
						}
					},
					"position": {
						"0.0": {
							"vector": [0, 0, 0]
						},
						"0.0333": {
							"vector": [-1.0079, -3.8224, -160.93982]
						},
						"0.1": {
							"vector": [-1.0079, -3.8224, -160.93982]
						},
						"0.1111": {
							"vector": [0.06798, -1.58339, -24.76581]
						},
						"0.1333": {
							"vector": [0, 0, 0]
						}
					},
					"scale": {
						"0.0": {
							"vector": [0, 0, 0]
						},
						"0.0111": {
							"vector": [0, 0, 0]
						},
						"0.0333": {
							"vector": [1, 4.515, 16.48]
						},
						"0.1": {
							"vector": [1, 4.515, 16.48]
						},
						"0.1111": {
							"vector": [0, 0, 0]
						},
						"0.1333": {
							"vector": [1, 1, 1]
						}
					}
				},
				"piece": {
					"position": {
						"0.0": {
							"vector": [0, 0, 0]
						},
						"0.0444": {
							"vector": [-0.06224, -0.07724, -18.64974]
						}
					}
				},
				"leftstring": {
					"rotation": {
						"0.0": {
							"vector": [0, 0, 0]
						},
						"0.0444": {
							"vector": [0, -27.5, 0]
						}
					}
				},
				"rightstring": {
					"rotation": {
						"0.0": {
							"vector": [0, 0, 0]
						},
						"0.0444": {
							"vector": [0, 27.5, 0]
						}
					}
				},
				"rebar": {
					"position": {
						"0.0": {
							"vector": [0, 0, 0]
						},
						"0.0111": {
							"vector": [-1.70859, -2.12039, -255.98552]
						}
					},
					"scale": {
						"0.0": {
							"vector": [1, 1, 1]
						},
						"0.0111": {
							"vector": [0, 0, 0]
						}
					}
				},
				"_camera_": {
					"rotation": {
						"0.0": {
							"vector": [0, 0, 0]
						},
						"0.0444": {
							"vector": [-1.98931, 0.27105, 1.24155]
						},
						"0.1778": {
							"vector": [-1.25059, -0.57493, 0.055]
						},
						"0.3889": {
							"vector": [1.06748, -0.15684, 1.03807],
							"easing": "easeInOutSine"
						},
						"0.7111": {
							"vector": [0, 0, 0],
							"easing": "easeOutSine"
						}
					}
				},
				"rebarnonglow": {
					"position": {
						"0.0": {
							"vector": [0, 0, 0]
						},
						"0.0111": {
							"vector": [-1.70859, -2.12039, -255.98552]
						}
					},
					"scale": {
						"0.0": {
							"vector": [1, 1, 1]
						},
						"0.0111": {
							"vector": [0, 0, 0]
						}
					}
				}
			}
		},
		"animation.model.reload": {
			"loop": true,
			"animation_length": 1.95,
			"bones": {
				"main": {
					"rotation": {
						"0.0": {
							"vector": [0, 0, 0]
						},
						"0.3833": {
							"vector": [4.48209, -1.65373, 5.3949],
							"easing": "easeInSine"
						},
						"0.5": {
							"vector": [4.288, -2.02988, 3.85981],
							"easing": "easeOutSine"
						},
						"0.5833": {
							"vector": [4.75196, -2.11304, 4.857],
							"easing": "easeInOutSine"
						},
						"0.65": {
							"vector": [4.27913, -2.05073, 4.1091]
						},
						"0.7667": {
							"vector": [4.98339, -2.15438, 5.35563]
						},
						"0.9": {
							"vector": [4.57286, -1.95698, 2.86183]
						},
						"1.2667": {
							"vector": [0.43824, -0.94202, 1.38241],
							"easing": "easeInOutSine"
						},
						"1.4167": {
							"vector": [0, 0, -1.25],
							"easing": "easeOutSine"
						},
						"1.5333": {
							"vector": [0, 0, 0],
							"easing": "easeInOutSine"
						}
					},
					"position": {
						"0.0": {
							"vector": [0, 0, 0]
						},
						"0.3": {
							"vector": [-3.525, -4.98, 4.2],
							"easing": "easeInOutSine"
						},
						"0.45": {
							"vector": [-3.75, -4.15, 4.85],
							"easing": "easeInSine"
						},
						"0.5667": {
							"vector": [-3.90704, -3.68671, 5.40796]
						},
						"0.6833": {
							"vector": [-4.04469, -4.62073, 7.04123],
							"easing": "easeInOutSine"
						},
						"0.8667": {
							"vector": [-4.00226, -4.72921, 5.77025],
							"easing": "easeOutSine"
						},
						"1.2167": {
							"vector": [0, -1.05, -4.55],
							"easing": "easeInOutSine"
						},
						"1.35": {
							"vector": [0, -1.1, -1.6]
						},
						"1.5333": {
							"vector": [0, 0, 0],
							"easing": "easeOutSine"
						}
					}
				},
				"piece": {
					"position": {
						"0.0": {
							"vector": [-0.06224, -0.07724, -18.64974]
						},
						"0.2": {
							"vector": [0, 0, 0]
						}
					}
				},
				"leftstring": {
					"rotation": {
						"0.0": {
							"vector": [0, -27.5, 0]
						},
						"0.2": {
							"vector": [0, 0, 0]
						}
					}
				},
				"rightstring": {
					"rotation": {
						"0.0": {
							"vector": [0, 27.5, 0]
						},
						"0.2": {
							"vector": [0, 0, 0]
						}
					}
				},
				"rebar": {
					"rotation": {
						"0.0": {
							"vector": [0, 0, 0]
						},
						"0.3167": {
							"vector": [-2.17462, -14.40456, -3.14515]
						},
						"0.5167": {
							"vector": [-3.22135, -5.58941, -5.42072],
							"easing": "easeOutSine"
						},
						"0.5667": {
							"vector": [-1.84058, -1.00814, -5.64383]
						},
						"0.6167": {
							"vector": [-0.5, 0, -5.75],
							"easing": "linear"
						},
						"0.6833": {
							"vector": [0, 0, 0],
							"easing": "easeInOutSine"
						}
					},
					"position": {
						"0.0": {
							"vector": [35.575, -49.15, 92.925]
						},
						"0.1833": {
							"vector": [35.575, -49.15, 92.925]
						},
						"0.2333": {
							"vector": [45.37847, -23.34226, 58.5144]
						},
						"0.3": {
							"vector": [42.76136, 4.01109, 20.99593]
						},
						"0.5167": {
							"vector": [5.06896, 4.39951, -16.12276],
							"easing": "easeOutSine"
						},
						"0.5667": {
							"vector": [0.96263, 2.25005, -11.57683]
						},
						"0.6167": {
							"vector": [-0.04508, 0.44772, -7.09607],
							"easing": "linear"
						},
						"0.6833": {
							"vector": [0, 0, 0],
							"easing": "easeInOutSine"
						}
					},
					"scale": {
						"0.0": {
							"vector": [0, 0, 0]
						},
						"0.8333": {
							"vector": [0, 0, 0]
						},
						"0.85": {
							"vector": [1, 1, 1]
						}
					}
				},
				"leftarm": {
					"rotation": {
						"0.0": {
							"vector": [0, 0, 0]
						},
						"0.3": {
							"vector": [1.77295, -11.99709, -20.51673]
						},
						"0.5667": {
							"vector": [-4.33212, 0.47461, -38.90347]
						},
						"0.6833": {
							"vector": [-6.97355, -1.33316, -40.63379]
						},
						"0.7833": {
							"vector": [-7.05937, 0.17737, -39.32011]
						},
						"1.0333": {
							"vector": [0, 0, 0]
						}
					},
					"position": {
						"0.0": {
							"vector": [0, 0, 0]
						},
						"0.0833": {
							"vector": [45.07971, -31.89496, 57.44835]
						},
						"0.3": {
							"vector": [45.52236, -5.03886, 22.81646]
						},
						"0.3833": {
							"vector": [31.245, 2.09, 9.4]
						},
						"0.4667": {
							"vector": [25.43, 8.38, -2.44]
						},
						"0.5167": {
							"vector": [24.66489, 8.66034, -9.06447]
						},
						"0.5667": {
							"vector": [26.485, 10.235, -6.36]
						},
						"0.6167": {
							"vector": [26.49, 10.76, -4.06]
						},
						"0.6833": {
							"vector": [26.49, 10.76, 0.815]
						},
						"0.7833": {
							"vector": [26.79, 10.76, 1.29]
						},
						"0.8667": {
							"vector": [22.39, 4.89, 12.645]
						},
						"0.9333": {
							"vector": [13.265, 2.49, 11.755]
						},
						"1.0333": {
							"vector": [0, 0, 0]
						}
					},
					"scale": {
						"0.0": {
							"vector": [1, 1, 1]
						},
						"0.0833": {
							"vector": [1.5, 1.5, 1.5]
						},
						"0.3": {
							"vector": [2, 2, 2]
						},
						"0.7833": {
							"vector": [2, 2, 2]
						},
						"1.0333": {
							"vector": [1, 1, 1]
						}
					}
				},
				"_camera_": {
					"rotation": {
						"0.0": {
							"vector": [0, 0, 0]
						},
						"0.2667": {
							"vector": [0.71592, 1.29154, -0.92506],
							"easing": "easeInOutSine"
						},
						"0.45": {
							"vector": [1.06953, 2.01413, 0.58828],
							"easing": "linear"
						},
						"0.5833": {
							"vector": [1.09088, 2.03188, -0.34306]
						},
						"0.6833": {
							"vector": [1.69496, 2.01872, 0.81658]
						},
						"0.8333": {
							"vector": [1.33646, 2.03179, -0.31051]
						},
						"0.9667": {
							"vector": [1.49289, 2.02207, -0.16219],
							"easing": "easeInOutSine"
						},
						"1.2167": {
							"vector": [1.43682, 0.44717, 0.29828],
							"easing": "easeInSine"
						},
						"1.3833": {
							"vector": [0.4522, 0.10857, -0.4302]
						},
						"1.5167": {
							"vector": [0, 0, 0],
							"easing": "easeOutSine"
						}
					}
				},
				"rebarnonglow": {
					"rotation": {
						"0.0": {
							"vector": [0, 0, 0]
						},
						"0.3167": {
							"vector": [-2.17462, -14.40456, -3.14515]
						},
						"0.5167": {
							"vector": [-3.22135, -5.58941, -5.42072],
							"easing": "easeOutSine"
						},
						"0.5667": {
							"vector": [-1.84058, -1.00814, -5.64383]
						},
						"0.6167": {
							"vector": [-0.5, 0, -5.75],
							"easing": "linear"
						},
						"0.6833": {
							"vector": [0, 0, 0],
							"easing": "easeInOutSine"
						}
					},
					"position": {
						"0.0": {
							"vector": [35.575, -49.15, 92.925]
						},
						"0.1833": {
							"vector": [35.575, -49.15, 92.925]
						},
						"0.2333": {
							"vector": [45.37847, -23.34226, 58.5144]
						},
						"0.3": {
							"vector": [42.76136, 4.01109, 20.99593]
						},
						"0.5167": {
							"vector": [5.06896, 4.39951, -16.12276],
							"easing": "easeOutSine"
						},
						"0.5667": {
							"vector": [0.96263, 2.25005, -11.57683]
						},
						"0.6167": {
							"vector": [-0.04508, 0.44772, -7.09607],
							"easing": "linear"
						},
						"0.6833": {
							"vector": [0, 0, 0],
							"easing": "easeInOutSine"
						}
					},
					"scale": {
						"0.0": {
							"vector": [0, 0, 0]
						},
						"0.0167": {
							"vector": [1, 1, 1]
						},
						"0.1833": {
							"vector": [1, 1, 1]
						},
						"0.85": {
							"vector": [1, 1, 1]
						},
						"0.8667": {
							"vector": [0, 0, 0]
						},
						"1.5167": {
							"vector": [0, 0, 0]
						},
						"1.5333": {
							"vector": [1, 1, 1]
						}
					}
				}
			},
			"sound_effects": {
				"0.0": {
					"effect": "hl_stringback"
				},
				"0.4833": {
					"effect": "hl_placerebar"
				}
			}
		},
		"animation.model.idle": {
			"loop": true,
			"animation_length": 0.1
		},
		"animation.model.idleempty": {
			"loop": true,
			"animation_length": 0.1,
			"bones": {
				"piece": {
					"position": {
						"vector": [-0.06224, -0.07724, -18.64974]
					}
				},
				"leftstring": {
					"rotation": {
						"vector": [0, -27.5, 0]
					}
				},
				"rightstring": {
					"rotation": {
						"vector": [0, 27.5, 0]
					}
				},
				"rebar": {
					"position": {
						"vector": [-1.70859, -2.12039, -255.98552]
					},
					"scale": {
						"vector": [0, 0, 0]
					}
				},
				"rebarnonglow": {
					"position": {
						"vector": [-1.70859, -2.12039, -255.98552]
					},
					"scale": {
						"vector": [0, 0, 0]
					}
				}
			}
		},
		"animation.model.inspect": {
			"loop": true,
			"animation_length": 5.2667,
			"bones": {
				"main": {
					"rotation": {
						"0.0": {
							"vector": [0, 0, 0]
						},
						"0.4": {
							"vector": [-4.8287, -15.95957, 15.67968],
							"easing": "easeInOutSine"
						},
						"0.7667": {
							"vector": [-5.73902, -17.49518, 15.38693],
							"easing": "easeOutSine"
						},
						"0.9667": {
							"vector": [-5.67857, -17.51432, 15.18596]
						},
						"1.2333": {
							"vector": [-5.90934, -17.43979, 15.9545]
						},
						"1.5833": {
							"vector": [-5.85878, -17.20551, 15.78527],
							"easing": "easeInOutSine"
						},
						"2.1167": {
							"vector": [-7.65751, 4.02906, 19.15375],
							"easing": "easeInOutSine"
						},
						"2.3": {
							"vector": [-7.59075, 3.66615, 20.21362]
						},
						"2.4833": {
							"vector": [-7.63346, 3.57549, 19.53454]
						},
						"2.7167": {
							"vector": [-7.59646, 3.65395, 20.12237]
						},
						"2.9": {
							"vector": [-7.60655, 3.63309, 19.96531],
							"easing": "easeInOutSine"
						},
						"3.3167": {
							"vector": [-7.31212, 5.75699, 22.72175],
							"easing": "easeInOutSine"
						},
						"3.4667": {
							"vector": [-7.26184, 5.82041, 23.22025]
						},
						"3.6": {
							"vector": [-7.31664, 5.75118, 22.67638]
						},
						"3.85": {
							"vector": [-7.26445, 5.81711, 23.19433]
						},
						"4.15": {
							"vector": [-7.31212, 5.75699, 22.72175],
							"easing": "easeInOutSine"
						},
						"4.6": {
							"vector": [0.43824, -0.94202, 1.38241],
							"easing": "easeInOutSine"
						},
						"4.75": {
							"vector": [0, 0, -1.25],
							"easing": "easeOutSine"
						},
						"4.8667": {
							"vector": [0, 0, 0],
							"easing": "easeInOutSine"
						}
					},
					"position": {
						"0.0": {
							"vector": [0, 0, 0]
						},
						"0.2333": {
							"vector": [-2.85, -4.34, 0],
							"easing": "easeOutSine"
						},
						"0.5167": {
							"vector": [-3.225, -3.1, 0.15],
							"easing": "easeInOutSine"
						},
						"0.85": {
							"vector": [-3.22, -2.925, 0]
						},
						"1.2167": {
							"vector": [-3.22, -3.135, 0.15]
						},
						"1.5833": {
							"vector": [-3, -3.575, 0],
							"easing": "easeInSine"
						},
						"1.85": {
							"vector": [6.78, -5.89, 0],
							"easing": "easeInQuad"
						},
						"2.1667": {
							"vector": [16.78, -4.525, 0],
							"easing": "easeOutSine"
						},
						"2.9": {
							"vector": [17.855, -3.725, 0],
							"easing": "easeOutSine"
						},
						"3.3167": {
							"vector": [18.13, -3.67, 0],
							"easing": "easeInOutSine"
						},
						"3.7": {
							"vector": [18.33, -3.67, 0]
						},
						"4.15": {
							"vector": [18.13, -3.67, 0],
							"easing": "easeInOutSine"
						},
						"4.55": {
							"vector": [0, -1.05, -4.55],
							"easing": "easeInOutSine"
						},
						"4.6833": {
							"vector": [0, -1.1, -1.6]
						},
						"4.8667": {
							"vector": [0, 0, 0],
							"easing": "easeOutSine"
						}
					}
				},
				"leftarm": {
					"rotation": {
						"0.0": {
							"vector": [0, 0, 0]
						},
						"0.2": {
							"vector": [-17.70997, 9.66848, -5.64099]
						},
						"1.7333": {
							"vector": [-17.70997, 9.66848, -5.64099]
						},
						"2.1333": {
							"vector": [-13.70997, 9.66848, -5.64099]
						},
						"4.2": {
							"vector": [-13.70997, 9.66848, -5.64099]
						},
						"4.4167": {
							"vector": [0, 0, 0]
						}
					},
					"position": {
						"0.0": {
							"vector": [0, 0, 0]
						},
						"0.2": {
							"vector": [5.49082, -0.70901, -16.50246]
						},
						"1.7333": {
							"vector": [5.49082, -0.70901, -16.50246]
						},
						"2.1333": {
							"vector": [2.33992, -2.44607, -20.3267]
						},
						"4.2": {
							"vector": [2.33992, -2.44607, -20.3267]
						},
						"4.4167": {
							"vector": [0, 0, 0]
						}
					}
				},
				"_camera_": {
					"rotation": {
						"0.0": {
							"vector": [0, 0, 0]
						},
						"0.4167": {
							"vector": [3.98192, 2.52872, -0.32476],
							"easing": "easeInOutSine"
						},
						"0.7667": {
							"vector": [4.8917, 3.82224, 0.54886]
						},
						"1.15": {
							"vector": [5.24317, 4.52037, -0.14186],
							"easing": "easeOutSine"
						},
						"1.5833": {
							"vector": [4.73629, 3.52531, -0.24212],
							"easing": "easeInSine"
						},
						"2.2333": {
							"vector": [3.94466, -1.63439, 1.89232],
							"easing": "easeOutSine"
						},
						"2.85": {
							"vector": [3.97726, -2.33079, 1.09185],
							"easing": "easeOutSine"
						},
						"3.35": {
							"vector": [3.95874, -1.59993, 1.39331],
							"easing": "easeInOutSine"
						},
						"3.8333": {
							"vector": [3.95782, -1.23456, 1.19573],
							"easing": "easeOutSine"
						},
						"4.15": {
							"vector": [3.95874, -1.4, 1.39331],
							"easing": "easeInOutSine"
						},
						"4.5667": {
							"vector": [1.43682, 0.44717, 0.29828],
							"easing": "easeInSine"
						},
						"4.7333": {
							"vector": [0.4522, 0.10857, -0.4302]
						},
						"4.8667": {
							"vector": [0, 0, 0],
							"easing": "easeOutSine"
						}
					}
				}
			},
			"sound_effects": {
				"0.0": {
					"effect": "inspect_up"
				},
				"1.4667": {
					"effect": "inspect_turn"
				},
				"3.0167": {
					"effect": "inspect_foley"
				},
				"4.2": {
					"effect": "foley_end"
				}
			}
		},
		"animation.model.inspectempty": {
			"loop": true,
			"animation_length": 5.2667,
			"bones": {
				"main": {
					"rotation": {
						"0.0": {
							"vector": [0, 0, 0]
						},
						"0.4": {
							"vector": [-4.8287, -15.95957, 15.67968],
							"easing": "easeInOutSine"
						},
						"0.7667": {
							"vector": [-5.73902, -17.49518, 15.38693],
							"easing": "easeOutSine"
						},
						"0.9667": {
							"vector": [-5.67857, -17.51432, 15.18596]
						},
						"1.2333": {
							"vector": [-5.90934, -17.43979, 15.9545]
						},
						"1.5833": {
							"vector": [-5.85878, -17.20551, 15.78527],
							"easing": "easeInOutSine"
						},
						"2.1167": {
							"vector": [-7.65751, 4.02906, 19.15375],
							"easing": "easeInOutSine"
						},
						"2.3": {
							"vector": [-7.59075, 3.66615, 20.21362]
						},
						"2.4833": {
							"vector": [-7.63346, 3.57549, 19.53454]
						},
						"2.7167": {
							"vector": [-7.59646, 3.65395, 20.12237]
						},
						"2.9": {
							"vector": [-7.60655, 3.63309, 19.96531],
							"easing": "easeInOutSine"
						},
						"3.3167": {
							"vector": [-7.31212, 5.75699, 22.72175],
							"easing": "easeInOutSine"
						},
						"3.4667": {
							"vector": [-7.26184, 5.82041, 23.22025]
						},
						"3.6": {
							"vector": [-7.31664, 5.75118, 22.67638]
						},
						"3.85": {
							"vector": [-7.26445, 5.81711, 23.19433]
						},
						"4.15": {
							"vector": [-7.31212, 5.75699, 22.72175],
							"easing": "easeInOutSine"
						},
						"4.6": {
							"vector": [0.43824, -0.94202, 1.38241],
							"easing": "easeInOutSine"
						},
						"4.75": {
							"vector": [0, 0, -1.25],
							"easing": "easeOutSine"
						},
						"4.8667": {
							"vector": [0, 0, 0],
							"easing": "easeInOutSine"
						}
					},
					"position": {
						"0.0": {
							"vector": [0, 0, 0]
						},
						"0.2333": {
							"vector": [-2.85, -4.34, 0],
							"easing": "easeOutSine"
						},
						"0.5167": {
							"vector": [-3.225, -3.1, 0.15],
							"easing": "easeInOutSine"
						},
						"0.85": {
							"vector": [-3.22, -2.925, 0]
						},
						"1.2167": {
							"vector": [-3.22, -3.135, 0.15]
						},
						"1.5833": {
							"vector": [-3, -3.575, 0],
							"easing": "easeInSine"
						},
						"1.85": {
							"vector": [6.78, -5.89, 0],
							"easing": "easeInQuad"
						},
						"2.1667": {
							"vector": [16.78, -4.525, 0],
							"easing": "easeOutSine"
						},
						"2.9": {
							"vector": [17.855, -3.725, 0],
							"easing": "easeOutSine"
						},
						"3.3167": {
							"vector": [18.13, -3.67, 0],
							"easing": "easeInOutSine"
						},
						"3.7": {
							"vector": [18.33, -3.67, 0]
						},
						"4.15": {
							"vector": [18.13, -3.67, 0],
							"easing": "easeInOutSine"
						},
						"4.55": {
							"vector": [0, -1.05, -4.55],
							"easing": "easeInOutSine"
						},
						"4.6833": {
							"vector": [0, -1.1, -1.6]
						},
						"4.8667": {
							"vector": [0, 0, 0],
							"easing": "easeOutSine"
						}
					}
				},
				"leftarm": {
					"rotation": {
						"0.0": {
							"vector": [0, 0, 0]
						},
						"0.2": {
							"vector": [-17.70997, 9.66848, -5.64099]
						},
						"1.7333": {
							"vector": [-17.70997, 9.66848, -5.64099]
						},
						"2.1333": {
							"vector": [-13.70997, 9.66848, -5.64099]
						},
						"4.2": {
							"vector": [-13.70997, 9.66848, -5.64099]
						},
						"4.4167": {
							"vector": [0, 0, 0]
						}
					},
					"position": {
						"0.0": {
							"vector": [0, 0, 0]
						},
						"0.2": {
							"vector": [5.49082, -0.70901, -16.50246]
						},
						"1.7333": {
							"vector": [5.49082, -0.70901, -16.50246]
						},
						"2.1333": {
							"vector": [2.33992, -2.44607, -20.3267]
						},
						"4.2": {
							"vector": [2.33992, -2.44607, -20.3267]
						},
						"4.4167": {
							"vector": [0, 0, 0]
						}
					}
				},
				"piece": {
					"position": {
						"vector": [-0.06224, -0.07724, -18.64974]
					}
				},
				"leftstring": {
					"rotation": {
						"vector": [0, -27.5, 0]
					}
				},
				"rightstring": {
					"rotation": {
						"vector": [0, 27.5, 0]
					}
				},
				"rebar": {
					"position": {
						"vector": [-1.70859, -2.12039, -255.98552]
					},
					"scale": {
						"vector": [0, 0, 0]
					}
				},
				"_camera_": {
					"rotation": {
						"0.0": {
							"vector": [0, 0, 0]
						},
						"0.4167": {
							"vector": [3.98192, 2.52872, -0.32476],
							"easing": "easeInOutSine"
						},
						"0.7667": {
							"vector": [4.8917, 3.82224, 0.54886]
						},
						"1.15": {
							"vector": [5.24317, 4.52037, -0.14186],
							"easing": "easeOutSine"
						},
						"1.5833": {
							"vector": [4.73629, 3.52531, -0.24212],
							"easing": "easeInSine"
						},
						"2.2333": {
							"vector": [3.94466, -1.63439, 1.89232],
							"easing": "easeOutSine"
						},
						"2.85": {
							"vector": [3.97726, -2.33079, 1.09185],
							"easing": "easeOutSine"
						},
						"3.35": {
							"vector": [3.95874, -1.59993, 1.39331],
							"easing": "easeInOutSine"
						},
						"3.8333": {
							"vector": [3.95782, -1.23456, 1.19573],
							"easing": "easeOutSine"
						},
						"4.15": {
							"vector": [3.95874, -1.4, 1.39331],
							"easing": "easeInOutSine"
						},
						"4.5667": {
							"vector": [1.43682, 0.44717, 0.29828],
							"easing": "easeInSine"
						},
						"4.7333": {
							"vector": [0.4522, 0.10857, -0.4302]
						},
						"4.8667": {
							"vector": [0, 0, 0],
							"easing": "easeOutSine"
						}
					}
				},
				"rebarnonglow": {
					"position": {
						"vector": [-1.70859, -2.12039, -255.98552]
					},
					"scale": {
						"vector": [0, 0, 0]
					}
				}
			},
			"sound_effects": {
				"0.0": {
					"effect": "inspect_up"
				},
				"1.4667": {
					"effect": "inspect_turn"
				},
				"3.0167": {
					"effect": "inspect_foley"
				},
				"4.2": {
					"effect": "foley_end"
				}
			}
		}
	},
	"geckolib_format_version": 2
}