{
    "values": [
        "minecraft:air",
        {"id":"minecraft:grass", "required": false},
        {"id":"minecraft:short_grass", "required": false},
        "minecraft:fern",
        "minecraft:dead_bush",
        "minecraft:fire",
        "minecraft:soul_fire",
        "minecraft:snow",
        "minecraft:vine",
        "minecraft:glow_lichen",
        "minecraft:light",
        "minecraft:tall_grass",
        "minecraft:large_fern",
        "minecraft:structure_void",
        "minecraft:void_air",
        "minecraft:cave_air",
        "minecraft:warped_roots",
        "minecraft:nether_sprouts",
        "minecraft:crimson_roots",
        "minecraft:hanging_roots",
        "minecraft:torch",
        "minecraft:wall_torch",
        "minecraft:soul_torch",
        "minecraft:soul_wall_torch",
        "minecraft:redstone_torch",
        "minecraft:redstone_wall_torch",
        "#minecraft:flowers",
        "#minecraft:climbable"
    ]
}