{
	"format_version": "1.12.0",
	"minecraft:geometry": [
		{
			"description": {
				"identifier": "geometry.unknown",
				"texture_width": 16,
				"texture_height": 16,
				"visible_bounds_width": 94,
				"visible_bounds_height": 19,
				"visible_bounds_offset": [0, 8.5, 0]
			},
			"bones": [
				{
					"name": "pythonlasermain",
					"pivot": [0, 20, 0]
				},
				{
					"name": "laser",
					"parent": "pythonlasermain",
					"pivot": [-1.05, 21.025, -33.15],
					"cubes": [
						{"origin": [-1.275, 17.425, -27.55], "size": [2, 2, 4.275], "inflate": 0.001, "pivot": [0.225, 19.175, -33.125], "rotation": [0, 0, -20.75], "uv": [0, 0]},
						{"origin": [-1.275, 17.425, -23.9], "size": [2, 2, 1.175], "inflate": -0.4, "pivot": [0.225, 19.175, -32.575], "rotation": [0, 0, -20.75], "uv": [6, 6]},
						{"origin": [-1, 18.325, -26.075], "size": [2, 2.25, 1.775], "inflate": 0.001, "uv": [0, 6]},
						{"origin": [-0.2, 19.775, -26.075], "size": [1.625, 1.425, 1.775], "inflate": 0.002, "pivot": [1.05, 21.025, -33.15], "rotation": [0, 0, 29.5], "uv": [0, 2]},
						{"origin": [-1.425, 19.775, -26.075], "size": [1.625, 1.425, 1.775], "inflate": 0.002, "pivot": [-1.05, 21.025, -33.15], "rotation": [0, 0, -29.5], "uv": [0, 0]}
					]
				},
				{
					"name": "_ca_laser",
					"parent": "pythonlasermain",
					"pivot": [0, 20.35, -30.825],
					"cubes": [
						{"origin": [-0.5, 19.85, -25.825], "size": [1, 1, 1], "uv": [27, 69]}
					]
				}
			]
		}
	]
}