{
	"format_version": "1.12.0",
	"minecraft:geometry": [
		{
			"description": {
				"identifier": "geometry.unknown",
				"texture_width": 150,
				"texture_height": 150,
				"visible_bounds_width": 11,
				"visible_bounds_height": 3.5,
				"visible_bounds_offset": [0, 1.25, 0]
			},
			"bones": [
				{
					"name": "main",
					"pivot": [0, 20, 0]
				},
				{
					"name": "rebar",
					"parent": "main",
					"pivot": [1.25, 24.05, -69.85],
					"cubes": [
						{"origin": [-0.75, 24.05, -72.85], "size": [2, 2.25, 64], "pivot": [1.25, 24.05, -72.85], "rotation": [0, 0, -12.5], "uv": [0, 0]}
					]
				}
			]
		}
	]
}